UPDATE `service_types` SET `customer_app_status` = '1' WHERE `service_type_id` = '1';

UPDATE `service_types` SET `customer_app_thumbnail_file` = 'house-cleaning.jpg' WHERE `service_type_id` = '1';

UPDATE `extra_services` SET `image_url` = 'Extra-Interior-Windows1.jpg' WHERE `id` = '7';

UPDATE `service_types` SET
`max_no_of_maids` = '10'
WHERE `service_type_id` = '1';

UPDATE `service_types` SET
`min_no_of_hours` = '2',
`max_no_of_hours` = '8'
WHERE `service_type_id` = '1';

UPDATE `service_types` SET
`default_no_of_hours` = '3'
WHERE `service_type_id` = '1';

UPDATE `service_types` SET `customer_app_service_type_name` = 'Housekeeping Service' WHERE `service_type_id` = '1';

UPDATE `service_cleaning_supplies` SET `rate` = '10', `calc_method` = 'PHM' WHERE `service_type_id` = '1' AND `id` = '1';

UPDATE `service_cleaning_supplies` SET `rate` = '20', `calc_method` = 'PHM' WHERE `service_type_id` = '1' AND `id` = '2';

UPDATE `service_cleaning_supplies` SET
`created_at` = now(),
`updated_at` = now();

UPDATE `service_cleaning_supplies` SET `rate` = '10' WHERE `service_type_id` = '1' AND `id` = '3';
UPDATE `service_cleaning_supplies` SET `rate` = '10' WHERE `service_type_id` = '1' AND `id` = '4';
UPDATE `service_cleaning_supplies` SET `rate` = '10' WHERE `service_type_id` = '1' AND `id` = '6';

UPDATE `service_types` SET `customer_app_status` = '1' WHERE `service_type_id` = '4';
UPDATE `service_types` SET `web_url_slug` = 'house-cleaning-dubai' WHERE `service_types`.`service_type_id` = 1;
UPDATE `service_types` SET `customer_app_service_type_name` = 'Office Cleaning', `web_url_slug` = 'office-cleaning-service', `max_no_of_maids` = '10', `min_no_of_hours` = '2', `max_no_of_hours` = '8', `default_no_of_hours` = '2' WHERE `service_type_id` = '4';
UPDATE `service_types` SET `customer_app_thumbnail_file` = 'office-cleaning.jpg' WHERE `service_type_id` = '4';

UPDATE `service_types` SET `customer_app_thumbnail_file` = 'ironing.jpg', `service_type_model_id` = '3', `customer_app_status` = '1', `min_no_of_hours` = '2', `max_no_of_hours` = '4', `default_no_of_hours` = '2' WHERE `service_type_id` = '5';

UPDATE `service_types` SET `customer_app_service_type_name` = 'Ironing Service', `web_url_slug` = 'ironing-service' WHERE `service_type_id` = '5';

UPDATE `service_types` SET `customer_app_service_type_name` = 'Baby Sitting Service', `customer_app_thumbnail_file` = 'babysitting.jpg', `service_type_model_id` = '3', `customer_app_status` = '1', `min_no_of_maids` = '1', `max_no_of_maids` = '10', `min_no_of_hours` = '2', `max_no_of_hours` = '8', `default_no_of_hours` = '2' WHERE `service_type_id` = '52';
UPDATE `service_types` SET `web_url_slug` = 'baby-sitting-service' WHERE `service_type_id` = '52';

UPDATE `service_types` SET `customer_app_service_type_name` = 'Organic Cleaning', `web_url_slug` = 'organic-cleaning-service', `customer_app_thumbnail_file` = 'organic-cleaning.jpg', `service_type_model_id` = '3', `customer_app_status` = '1', `max_no_of_maids` = '10', `min_no_of_hours` = '2', `max_no_of_hours` = '8', `default_no_of_hours` = '2' WHERE `service_type_id` = '47';

UPDATE `payment_types` SET `charge` = '3', `charge_type` = 'P' WHERE `id` = '2';

UPDATE `service_types` SET `customer_app_service_type_name` = 'Deep Cleaning', `web_url_slug` = 'deep-cleaning-service', `customer_app_thumbnail_file` = 'deep-cleaning.jpg', `service_type_model_id` = '2', `customer_app_status` = '1' WHERE `service_type_id` = '53';

UPDATE `service_types` SET `customer_app_service_type_name` = 'Move In Cleaning', `web_url_slug` = 'move-in-cleaning-service', `customer_app_thumbnail_file` = 'move-in-cleaning.jpg', `service_type_model_id` = '2', `customer_app_status` = '1' WHERE `service_type_id` = '55';

UPDATE `service_types` SET `customer_app_service_type_name` = 'Move Out Cleaning', `web_url_slug` = 'move-out-cleaning-service', `customer_app_thumbnail_file` = 'move-out-cleaning.jpg', `service_type_model_id` = '2', `customer_app_status` = '1' WHERE `service_type_id` = '54';

UPDATE `service_types` SET `customer_app_service_type_name` = 'Steam Cleaning', `web_url_slug` = 'steam-cleaning-service', `customer_app_thumbnail_file` = 'steam-cleaning.jpg', `service_type_model_id` = '2', `customer_app_status` = '1' WHERE `service_type_id` = '56';

UPDATE `service_types` SET `customer_app_service_type_name` = 'Declutter & Organize', `web_url_slug` = 'declutter-and-organize-service', `customer_app_thumbnail_file` = 'declutter.jpg', `service_type_model_id` = '2' WHERE `service_type_id` = '62';
UPDATE `service_types` SET `customer_app_status` = '1' WHERE `service_type_id` = '62' AND `service_type_id` = '62';

UPDATE `service_types` SET `customer_app_service_type_name` = 'Sanitization Service', `web_url_slug` = 'sanitization-service', `customer_app_thumbnail_file` = 'sanitization -services.jpg', `service_type_model_id` = '2', `customer_app_status` = '1' WHERE `service_type_id` = '61';

UPDATE `service_types` SET `customer_app_service_type_name` = 'Floor Scrubbing', `web_url_slug` = 'floor-scrubbing-service', `customer_app_thumbnail_file` = 'floor-scrubbing.jpg', `service_type_model_id` = '2', `customer_app_status` = '1' WHERE `service_type_id` = '60';

UPDATE `service_types` SET `customer_app_service_type_name` = 'Sofa Cleaning', `web_url_slug` = 'sofa-cleaning-service', `customer_app_thumbnail_file` = 'sofa-cleaning.jpg', `service_type_model_id` = '2', `customer_app_status` = '1' WHERE `service_type_id` = '57';

UPDATE `service_types` SET `customer_app_service_type_name` = 'Carpet Cleaning', `web_url_slug` = 'carpet-cleaning-service', `customer_app_thumbnail_file` = 'carpet-cleaning.jpg', `service_type_model_id` = '2', `customer_app_status` = '1' WHERE `service_type_id` = '59';

UPDATE `service_types` SET `customer_app_service_type_name` = 'Mattress Cleaning', `web_url_slug` = 'mattress-cleaning-service', `customer_app_thumbnail_file` = 'mattress-cleaning.jpg', `service_type_model_id` = '2', `customer_app_status` = '1' WHERE `service_type_id` = '58';

INSERT INTO `service_type_frequencies` (`id`, `service_type_id`, `frequency_id`, `sort_order`, `coupon_id`, `created_at`, `updated_at`, `deleted_at`) VALUES
(1,	1,	1,	1,	NULL,	'2024-05-27 14:26:46',	'2024-05-27 14:26:46',	NULL),
(2,	1,	2,	2,	NULL,	'2024-05-27 14:26:46',	'2024-05-27 14:26:46',	NULL),
(3,	4,	1,	1,	NULL,	'2024-05-30 18:49:37',	'2024-05-30 18:49:37',	NULL),
(4,	4,	2,	2,	NULL,	'2024-05-30 18:49:37',	'2024-05-30 18:49:37',	NULL),
(5,	5,	1,	1,	NULL,	'2024-05-30 18:49:37',	'2024-05-30 18:49:37',	NULL),
(6,	5,	2,	2,	NULL,	'2024-05-30 18:49:37',	'2024-05-30 18:49:37',	NULL),
(8,	52,	1,	1,	NULL,	'2024-05-30 18:49:37',	'2024-05-30 18:49:37',	NULL),
(9,	52,	2,	2,	NULL,	'2024-05-30 18:49:37',	'2024-05-30 18:49:37',	NULL),
(11,	47,	1,	1,	NULL,	'2024-05-30 18:49:37',	'2024-05-30 18:49:37',	NULL),
(12,	47,	2,	2,	NULL,	'2024-05-30 18:49:37',	'2024-05-30 18:49:37',	NULL);

INSERT INTO `service_supervisor_charges` (`id`, `service_type_id`, `no_of_hours`, `charge`, `created_at`, `updated_at`, `deleted_at`) VALUES
(1,	1,	2,	0.00,	'2024-05-26 09:53:04',	'2024-05-26 09:53:04',	'2024-05-26 10:21:34'),
(2,	1,	3,	180.00,	'2024-05-26 09:53:04',	'2024-05-26 09:53:04',	NULL),
(3,	1,	4,	240.00,	'2024-05-26 09:53:04',	'2024-05-26 09:53:04',	NULL),
(4,	1,	5,	300.00,	'2024-05-26 09:53:04',	'2024-05-26 09:53:04',	NULL),
(5,	1,	6,	360.00,	'2024-05-26 09:53:04',	'2024-05-26 09:53:04',	NULL),
(6,	1,	7,	420.00,	'2024-05-26 09:53:04',	'2024-05-26 09:53:04',	NULL),
(7,	1,	8,	480.00,	'2024-05-26 09:53:04',	'2024-05-26 09:53:04',	NULL),
(8,	4,	2,	0.00,	'2024-05-30 18:59:03',	'2024-05-30 18:59:03',	'2024-05-26 10:21:34'),
(9,	4,	3,	180.00,	'2024-05-30 18:59:03',	'2024-05-30 18:59:03',	NULL),
(10,	4,	4,	240.00,	'2024-05-30 18:59:03',	'2024-05-30 18:59:03',	NULL),
(11,	4,	5,	300.00,	'2024-05-30 18:59:03',	'2024-05-30 18:59:03',	NULL),
(12,	4,	6,	360.00,	'2024-05-30 18:59:03',	'2024-05-30 18:59:03',	NULL),
(13,	4,	7,	420.00,	'2024-05-30 18:59:03',	'2024-05-30 18:59:03',	NULL),
(14,	4,	8,	480.00,	'2024-05-30 18:59:03',	'2024-05-30 18:59:03',	NULL);

INSERT INTO `service_supervisor_maid_counts` (`id`, `service_type_id`, `no_of_maids`, `created_at`, `updated_at`, `deleted_at`) VALUES
(1,	1,	2,	'2024-05-26 10:09:29',	'2024-05-26 10:09:29',	NULL),
(2,	1,	3,	'2024-05-26 10:09:29',	'2024-05-26 10:09:29',	NULL),
(3,	1,	4,	'2024-05-26 10:09:29',	'2024-05-26 10:09:29',	NULL),
(4,	1,	5,	'2024-05-26 10:09:29',	'2024-05-26 10:09:29',	NULL),
(5,	1,	6,	'2024-05-26 10:09:29',	'2024-05-26 10:09:29',	NULL),
(6,	1,	7,	'2024-05-26 10:09:29',	'2024-05-26 10:09:29',	NULL),
(7,	1,	8,	'2024-05-26 10:09:29',	'2024-05-26 10:09:29',	NULL),
(8,	1,	9,	'2024-05-26 10:09:29',	'2024-05-26 10:09:29',	NULL),
(9,	1,	10,	'2024-05-26 10:09:29',	'2024-05-26 10:09:29',	NULL),
(10,	4,	2,	'2024-05-30 18:55:49',	'2024-05-30 18:55:49',	NULL),
(11,	4,	3,	'2024-05-30 18:55:49',	'2024-05-30 18:55:49',	NULL),
(12,	4,	4,	'2024-05-30 18:55:49',	'2024-05-30 18:55:49',	NULL),
(13,	4,	5,	'2024-05-30 18:55:49',	'2024-05-30 18:55:49',	NULL),
(14,	4,	6,	'2024-05-30 18:55:49',	'2024-05-30 18:55:49',	NULL),
(15,	4,	7,	'2024-05-30 18:55:49',	'2024-05-30 18:55:49',	NULL),
(16,	4,	8,	'2024-05-30 18:55:49',	'2024-05-30 18:55:49',	NULL),
(17,	4,	9,	'2024-05-30 18:55:49',	'2024-05-30 18:55:49',	NULL),
(18,	4,	10,	'2024-05-30 18:55:49',	'2024-05-30 18:55:49',	NULL);

INSERT INTO `service_type_categories` (`id`, `service_category_name`, `sort_order`, `customer_app_icon_file`, `created_at`, `updated_at`, `deleted_at`) VALUES
(1,	'Housekeeping Services',	10,	'general-cleaning.png',	'2023-11-13 05:38:25',	'2023-11-13 05:38:25',	NULL),
(2,	'Soft Cleaning Services',	20,	'general-cleaning.png',	'2024-06-11 16:54:42',	'2024-06-11 16:54:42',	NULL),
(3,	'Package',	30,	'general-cleaning.png',	'2024-06-11 16:54:42',	'2024-06-11 16:54:42',	'2024-08-08 11:04:50');

INSERT INTO `service_type_category_and_service_type_mapping` (`id`, `service_type_category_id`, `service_type_id`, `sort_order`, `created_at`, `updated_at`, `deleted_at`) VALUES
(1,	1,	1,	10,	'2024-08-08 11:21:49',	'2024-08-08 11:21:49',	NULL),
(3,	2,	57,	510,	'2024-08-08 11:21:49',	'2024-08-08 11:21:49',	NULL),
(4,	2,	59,	520,	'2024-08-08 11:21:49',	'2024-08-08 11:21:49',	NULL),
(5,	2,	58,	530,	'2024-08-08 11:21:49',	'2024-08-08 11:21:49',	NULL),
(16,	1,	47,	20,	'2024-08-08 11:21:49',	'2024-08-08 11:21:49',	NULL),
(17,	1,	5,	30,	'2024-08-08 11:21:49',	'2024-08-08 11:21:49',	NULL),
(18,	1,	4,	40,	'2024-08-08 11:21:49',	'2024-08-08 11:21:49',	NULL),
(19,	1,	53,	50,	'2024-08-08 11:21:49',	'2024-08-08 11:21:49',	NULL),
(20,	1,	56,	60,	'2024-08-08 11:21:49',	'2024-08-08 11:21:49',	NULL),
(21,	1,	55,	70,	'2024-08-08 11:21:49',	'2024-08-08 11:21:49',	NULL),
(22,	1,	54,	80,	'2024-08-08 11:21:49',	'2024-08-08 11:21:49',	NULL),
(23,	1,	62,	90,	'2024-08-08 11:21:49',	'2024-08-08 11:21:49',	NULL),
(24,	2,	61,	540,	'2024-08-08 11:21:49',	'2024-08-08 11:21:49',	NULL),
(25,	2,	60,	550,	'2024-08-08 11:21:49',	'2024-08-08 11:21:49',	NULL),
(26,	1,	52,	100,	'2024-08-08 11:21:49',	'2024-08-08 11:21:49',	NULL);

INSERT INTO `service_type_settings` (`id`, `service_type_id`, `cleaning_materials_opted`, `cleaning_materials_option_show`, `supervisor_option_show`, `instructions_field_label`, `instructions_field_placeholder`, `instructions_field_required`, `default_material_id`, `created_at`, `updated_at`, `deleted_at`) VALUES
(1,	5,	0,	0,	0,	'Any instructions or special requirements?',	'Write here...',	0,	NULL,	'2024-06-11 12:28:24',	'2024-06-11 12:28:24',	NULL),
(2,	4,	0,	1,	1,	'Any instructions or special requirements?',	'Write here...',	0,	NULL,	'2024-06-11 12:28:24',	'2024-06-11 12:28:24',	NULL),
(3,	1,	0,	1,	1,	'Any instructions or special requirements?',	'Write here...',	0,	NULL,	'2024-06-11 12:28:24',	'2024-06-11 12:28:24',	NULL),
(4,	52,	0,	0,	0,	'Number of child and age',	'Please describe number of child and age of each child...',	1,	NULL,	'2024-06-11 12:28:24',	'2024-06-11 12:28:24',	NULL),
(5,	47,	1,	0,	0,	'Any instructions or special requirements?',	'Write here...',	0,	8,	'2024-06-11 12:28:24',	'2024-06-11 12:28:24',	NULL),
(6,	53,	0,	0,	0,	'Any instructions or special requirements?',	'Write here...',	0,	NULL,	'2024-06-14 15:38:26',	'2024-06-14 15:38:26',	NULL),
(7,	55,	0,	0,	0,	'Any instructions or special requirements?',	'Write here...',	0,	NULL,	'2024-06-14 15:38:26',	'2024-06-14 15:38:26',	NULL),
(8,	54,	0,	0,	0,	'Any instructions or special requirements?',	'Write here...',	0,	NULL,	'2024-06-14 15:38:26',	'2024-06-14 15:38:26',	NULL),
(9,	56,	0,	0,	0,	'Any instructions or special requirements?',	'Write here...',	0,	NULL,	'2024-06-14 15:38:26',	'2024-06-14 15:38:26',	NULL),
(10,	62,	0,	0,	0,	'Any instructions or special requirements?',	'Write here...',	0,	NULL,	'2024-06-14 15:38:26',	'2024-06-14 15:38:26',	NULL),
(11,	61,	0,	0,	0,	'Any instructions or special requirements?',	'Write here...',	0,	NULL,	'2024-06-14 15:38:26',	'2024-06-14 15:38:26',	NULL),
(12,	60,	0,	0,	0,	'Any instructions or special requirements?',	'Write here...',	0,	NULL,	'2024-06-14 15:38:26',	'2024-06-14 15:38:26',	NULL),
(13,	57,	0,	0,	0,	'Any instructions or special requirements?',	'Write here...',	0,	NULL,	'2024-06-14 15:38:26',	'2024-06-14 15:38:26',	NULL),
(14,	59,	0,	0,	0,	'Any instructions or special requirements?',	'Write here...',	0,	NULL,	'2024-06-14 15:38:26',	'2024-06-14 15:38:26',	NULL),
(15,	58,	0,	0,	0,	'Any instructions or special requirements?',	'Write here...',	0,	NULL,	'2024-06-14 15:38:26',	'2024-06-14 15:38:26',	NULL);

INSERT INTO `service_type_charges` (`id`, `service_type_id`, `no_of_hours_from`, `no_of_hours_to`, `rate_per_hour`, `final_amount`, `created_at`, `updated_at`, `deleted_at`) VALUES
(1,	1,	2.00,	2.00,	10.00,	110.00,	'2024-05-26 08:42:44',	'2024-05-26 08:42:44',	NULL),
(2,	1,	3.00,	3.00,	10.00,	140.00,	'2024-05-26 08:42:44',	'2024-05-26 08:42:44',	NULL),
(3,	1,	4.00,	4.00,	10.00,	160.00,	'2024-05-26 08:42:44',	'2024-05-26 08:42:44',	NULL),
(4,	1,	5.00,	5.00,	10.00,	200.00,	'2024-05-26 08:42:44',	'2024-05-26 08:42:44',	NULL),
(5,	1,	6.00,	6.00,	10.00,	240.00,	'2024-05-26 08:42:44',	'2024-05-26 08:42:44',	NULL),
(6,	1,	7.00,	7.00,	10.00,	280.00,	'2024-05-26 08:42:44',	'2024-05-26 08:42:44',	NULL),
(7,	1,	8.00,	8.00,	10.00,	320.00,	'2024-05-26 08:42:44',	'2024-05-26 08:42:44',	NULL),
(8,	4,	2.00,	2.00,	10.00,	110.00,	'2024-05-26 08:42:44',	'2024-05-26 08:42:44',	NULL),
(9,	4,	3.00,	3.00,	10.00,	140.00,	'2024-05-26 08:42:44',	'2024-05-26 08:42:44',	NULL),
(10,	4,	4.00,	4.00,	10.00,	160.00,	'2024-05-26 08:42:44',	'2024-05-26 08:42:44',	NULL),
(11,	4,	5.00,	5.00,	10.00,	200.00,	'2024-05-26 08:42:44',	'2024-05-26 08:42:44',	NULL),
(12,	4,	6.00,	6.00,	10.00,	240.00,	'2024-05-26 08:42:44',	'2024-05-26 08:42:44',	NULL),
(13,	4,	7.00,	7.00,	10.00,	280.00,	'2024-05-26 08:42:44',	'2024-05-26 08:42:44',	NULL),
(14,	4,	8.00,	8.00,	10.00,	320.00,	'2024-05-26 08:42:44',	'2024-05-26 08:42:44',	NULL),
(15,	5,	2.00,	2.00,	10.00,	110.00,	'2024-05-26 08:42:44',	'2024-05-26 08:42:44',	NULL),
(16,	5,	3.00,	3.00,	10.00,	140.00,	'2024-05-26 08:42:44',	'2024-05-26 08:42:44',	NULL),
(17,	5,	4.00,	4.00,	10.00,	160.00,	'2024-05-26 08:42:44',	'2024-05-26 08:42:44',	NULL),
(18,	52,	2.00,	2.00,	0.00,	110.00,	'2024-06-11 14:45:27',	'2024-06-11 14:45:27',	NULL),
(19,	52,	3.00,	3.00,	0.00,	140.00,	'2024-06-11 14:45:27',	'2024-06-11 14:45:27',	NULL),
(20,	52,	4.00,	4.00,	0.00,	160.00,	'2024-06-11 14:45:27',	'2024-06-11 14:45:27',	NULL),
(21,	52,	5.00,	5.00,	0.00,	200.00,	'2024-06-11 14:45:27',	'2024-06-11 14:45:27',	NULL),
(22,	52,	6.00,	6.00,	0.00,	240.00,	'2024-06-11 14:45:27',	'2024-06-11 14:45:27',	NULL),
(23,	52,	7.00,	7.00,	0.00,	280.00,	'2024-06-11 14:45:27',	'2024-06-11 14:45:27',	NULL),
(24,	52,	8.00,	8.00,	0.00,	320.00,	'2024-06-11 14:45:27',	'2024-06-11 14:45:27',	NULL),
(25,	47,	2.00,	2.00,	0.00,	110.00,	'2024-06-11 17:44:13',	'2024-06-11 17:44:13',	NULL),
(26,	47,	3.00,	3.00,	0.00,	140.00,	'2024-06-11 17:44:13',	'2024-06-11 17:44:13',	NULL),
(27,	47,	4.00,	4.00,	0.00,	160.00,	'2024-06-11 17:44:13',	'2024-06-11 17:44:13',	NULL),
(28,	47,	5.00,	5.00,	0.00,	200.00,	'2024-06-11 17:44:13',	'2024-06-11 17:44:13',	NULL),
(29,	47,	6.00,	6.00,	0.00,	240.00,	'2024-06-11 17:44:13',	'2024-06-11 17:44:13',	NULL),
(30,	47,	7.00,	7.00,	0.00,	280.00,	'2024-06-11 17:44:13',	'2024-06-11 17:44:13',	NULL),
(31,	47,	8.00,	8.00,	0.00,	320.00,	'2024-06-11 17:44:13',	'2024-06-11 17:44:13',	NULL);

INSERT INTO `building_types` (`id`, `service_type_id`, `name`, `customer_app_banner`, `sort_order`, `created_at`, `updated_at`, `deleted_at`) VALUES
(1,	53,	'Apartment',	'53-Apartment.jpg',	1,	'2024-06-14 10:58:56',	'2024-06-14 10:58:56',	NULL),
(2,	53,	'Villa',	'53-Villa.jpg',	2,	'2024-06-14 10:58:56',	'2024-06-14 10:58:56',	NULL),
(3,	55,	'Apartment',	'55-Apartment.jpg',	1,	'2024-06-14 10:58:56',	'2024-06-14 10:58:56',	NULL),
(4,	55,	'Villa',	'55-Villa.jpg',	2,	'2024-06-14 10:58:56',	'2024-06-14 10:58:56',	NULL),
(5,	54,	'Apartment',	'54-Apartment.jpg',	1,	'2024-06-14 10:58:56',	'2024-06-14 10:58:56',	NULL),
(6,	54,	'Villa',	'54-Villa.jpg',	2,	'2024-06-14 10:58:56',	'2024-06-14 10:58:56',	NULL),
(7,	56,	'Apartment',	'56-Apartment.jpg',	1,	'2024-06-14 10:58:56',	'2024-06-14 10:58:56',	NULL),
(8,	56,	'Villa',	'56-Villa.jpg',	2,	'2024-06-14 10:58:56',	'2024-06-14 10:58:56',	NULL),
(9,	62,	'Apartment',	'62-Apartment.jpg',	1,	'2024-06-14 10:58:56',	'2024-06-14 10:58:56',	NULL),
(10,	62,	'Villa',	'62-Villa.jpg',	2,	'2024-06-14 10:58:56',	'2024-06-14 10:58:56',	NULL),
(11,	61,	'Apartment',	'61-Apartment.jpg',	1,	'2024-06-14 10:58:56',	'2024-06-14 10:58:56',	NULL),
(12,	61,	'Villa',	'61-Villa.jpg',	2,	'2024-06-14 10:58:56',	'2024-06-14 10:58:56',	NULL),
(13,	60,	'Apartment',	'60-Apartment.jpg',	1,	'2024-06-14 10:58:56',	'2024-06-14 10:58:56',	NULL),
(14,	60,	'Villa',	'60-Villa.jpg',	2,	'2024-06-14 10:58:56',	'2024-06-14 10:58:56',	NULL),
(15,	57,	'Sofa',	'57-Sofa.jpg',	1,	'2024-06-14 10:58:56',	'2024-06-14 10:58:56',	NULL),
(17,	59,	'Carpet',	'59-Carpet.jpg',	1,	'2024-06-14 10:58:56',	'2024-06-14 10:58:56',	NULL),
(18,	58,	'Single',	'58-Single.jpg',	1,	'2024-06-14 10:58:56',	'2024-06-14 10:58:56',	NULL),
(19,	58,	'Queen',	'58-Queen.jpg',	2,	'2024-06-14 10:58:56',	'2024-06-14 10:58:56',	NULL),
(20,	58,	'King',	'58-King.jpg',	3,	'2024-06-14 10:58:56',	'2024-06-14 10:58:56',	NULL);

INSERT INTO `building_rooms` (`id`, `building_type_id`, `name`, `created_at`, `updated_at`, `deleted_at`) VALUES
(1,	1,	'Studio',	'2024-06-14 11:04:22',	'2024-06-14 11:04:22',	NULL),
(2,	1,	'1 Bedroom',	'2024-06-14 11:04:22',	'2024-06-14 11:04:22',	NULL),
(3,	1,	'2 Bedroom',	'2024-06-14 11:04:22',	'2024-06-14 11:04:22',	NULL),
(4,	1,	'3 Bedroom',	'2024-06-14 11:04:22',	'2024-06-14 11:04:22',	NULL),
(5,	1,	'4 Bedroom',	'2024-06-14 11:04:22',	'2024-06-14 11:04:22',	NULL),
(6,	2,	'2 Bedroom',	'2024-06-14 11:04:22',	'2024-06-14 11:04:22',	NULL),
(7,	2,	'3 Bedroom',	'2024-06-14 11:04:22',	'2024-06-14 11:04:22',	NULL),
(8,	2,	'4 Bedroom',	'2024-06-14 11:04:22',	'2024-06-14 11:04:22',	NULL),
(9,	2,	'5 Bedroom',	'2024-06-14 11:04:22',	'2024-06-14 11:04:22',	NULL),
(10,	3,	'Studio',	'2024-06-14 11:04:22',	'2024-06-14 11:04:22',	NULL),
(11,	3,	'1 Bedroom',	'2024-06-14 11:04:22',	'2024-06-14 11:04:22',	NULL),
(12,	3,	'2 Bedroom',	'2024-06-14 11:04:22',	'2024-06-14 11:04:22',	NULL),
(13,	3,	'3 Bedroom',	'2024-06-14 11:04:22',	'2024-06-14 11:04:22',	NULL),
(14,	3,	'4 Bedroom',	'2024-06-14 11:04:22',	'2024-06-14 11:04:22',	NULL),
(17,	4,	'2 Bedroom',	'2024-06-14 11:04:22',	'2024-06-14 11:04:22',	NULL),
(18,	4,	'3 Bedroom',	'2024-06-14 11:04:22',	'2024-06-14 11:04:22',	NULL),
(19,	4,	'4 Bedroom',	'2024-06-14 11:04:22',	'2024-06-14 11:04:22',	NULL),
(20,	4,	'5 Bedroom',	'2024-06-14 11:04:22',	'2024-06-14 11:04:22',	NULL),
(24,	5,	'Studio',	'2024-06-14 11:04:22',	'2024-06-14 11:04:22',	NULL),
(25,	5,	'1 Bedroom',	'2024-06-14 11:04:22',	'2024-06-14 11:04:22',	NULL),
(26,	5,	'2 Bedroom',	'2024-06-14 11:04:22',	'2024-06-14 11:04:22',	NULL),
(27,	5,	'3 Bedroom',	'2024-06-14 11:04:22',	'2024-06-14 11:04:22',	NULL),
(28,	5,	'4 Bedroom',	'2024-06-14 11:04:22',	'2024-06-14 11:04:22',	NULL),
(31,	6,	'2 Bedroom',	'2024-06-14 11:04:22',	'2024-06-14 11:04:22',	NULL),
(32,	6,	'3 Bedroom',	'2024-06-14 11:04:22',	'2024-06-14 11:04:22',	NULL),
(33,	6,	'4 Bedroom',	'2024-06-14 11:04:22',	'2024-06-14 11:04:22',	NULL),
(34,	6,	'5 Bedroom',	'2024-06-14 11:04:22',	'2024-06-14 11:04:22',	NULL),
(39,	7,	'Studio',	'2024-06-14 11:04:22',	'2024-06-14 11:04:22',	NULL),
(40,	7,	'1 Bedroom',	'2024-06-14 11:04:22',	'2024-06-14 11:04:22',	NULL),
(41,	7,	'2 Bedroom',	'2024-06-14 11:04:22',	'2024-06-14 11:04:22',	NULL),
(42,	7,	'3 Bedroom',	'2024-06-14 11:04:22',	'2024-06-14 11:04:22',	NULL),
(43,	7,	'4 Bedroom',	'2024-06-14 11:04:22',	'2024-06-14 11:04:22',	NULL),
(46,	8,	'2 Bedroom',	'2024-06-14 11:04:22',	'2024-06-14 11:04:22',	NULL),
(47,	8,	'3 Bedroom',	'2024-06-14 11:04:22',	'2024-06-14 11:04:22',	NULL),
(48,	8,	'4 Bedroom',	'2024-06-14 11:04:22',	'2024-06-14 11:04:22',	NULL),
(49,	8,	'5 Bedroom',	'2024-06-14 11:04:22',	'2024-06-14 11:04:22',	NULL),
(53,	9,	'Studio',	'2024-06-14 11:04:22',	'2024-06-14 11:04:22',	NULL),
(54,	9,	'1 Bedroom',	'2024-06-14 11:04:22',	'2024-06-14 11:04:22',	NULL),
(55,	9,	'2 Bedroom',	'2024-06-14 11:04:22',	'2024-06-14 11:04:22',	NULL),
(56,	9,	'3 Bedroom',	'2024-06-14 11:04:22',	'2024-06-14 11:04:22',	NULL),
(57,	10,	'2 Bedroom',	'2024-06-14 11:04:22',	'2024-06-14 11:04:22',	NULL),
(58,	10,	'3 Bedroom',	'2024-06-14 11:04:22',	'2024-06-14 11:04:22',	NULL),
(63,	11,	'Studio',	'2024-06-14 11:04:22',	'2024-06-14 11:04:22',	NULL),
(64,	11,	'1 Bedroom',	'2024-06-14 11:04:22',	'2024-06-14 11:04:22',	NULL),
(65,	11,	'2 Bedroom',	'2024-06-14 11:04:22',	'2024-06-14 11:04:22',	NULL),
(66,	11,	'3 Bedroom',	'2024-06-14 11:04:22',	'2024-06-14 11:04:22',	NULL),
(67,	11,	'4 Bedroom',	'2024-06-14 11:04:22',	'2024-06-14 11:04:22',	NULL),
(70,	12,	'2 Bedroom',	'2024-06-14 11:04:22',	'2024-06-14 11:04:22',	NULL),
(71,	12,	'3 Bedroom',	'2024-06-14 11:04:22',	'2024-06-14 11:04:22',	NULL),
(72,	12,	'4 Bedroom',	'2024-06-14 11:04:22',	'2024-06-14 11:04:22',	NULL),
(73,	12,	'5 Bedroom',	'2024-06-14 11:04:22',	'2024-06-14 11:04:22',	NULL),
(77,	13,	'Studio',	'2024-06-14 11:04:22',	'2024-06-14 11:04:22',	NULL),
(78,	13,	'1 Bedroom',	'2024-06-14 11:04:22',	'2024-06-14 11:04:22',	NULL),
(79,	13,	'2 Bedroom',	'2024-06-14 11:04:22',	'2024-06-14 11:04:22',	NULL),
(80,	13,	'3 Bedroom',	'2024-06-14 11:04:22',	'2024-06-14 11:04:22',	NULL),
(81,	13,	'4 Bedroom',	'2024-06-14 11:04:22',	'2024-06-14 11:04:22',	NULL),
(84,	14,	'2 Bedroom',	'2024-06-14 11:04:22',	'2024-06-14 11:04:22',	NULL),
(85,	14,	'3 Bedroom',	'2024-06-14 11:04:22',	'2024-06-14 11:04:22',	NULL),
(86,	14,	'4 Bedroom',	'2024-06-14 11:04:22',	'2024-06-14 11:04:22',	NULL),
(87,	14,	'5 Bedroom',	'2024-06-14 11:04:22',	'2024-06-14 11:04:22',	NULL),
(91,	15,	'2 Seats',	'2024-06-14 19:14:51',	'2024-06-14 19:14:51',	NULL),
(92,	15,	'3 Seats',	'2024-06-14 19:14:51',	'2024-06-14 19:14:51',	NULL),
(93,	15,	'4 Seats',	'2024-06-14 19:14:51',	'2024-06-14 19:14:51',	NULL),
(94,	15,	'5 Seats',	'2024-06-14 19:14:51',	'2024-06-14 19:14:51',	NULL),
(95,	15,	'6 Seats',	'2024-06-14 19:14:51',	'2024-06-14 19:14:51',	NULL),
(96,	15,	'7 Seats',	'2024-06-14 19:14:51',	'2024-06-14 19:14:51',	NULL),
(97,	15,	'8 Seats',	'2024-06-14 19:14:51',	'2024-06-14 19:14:51',	NULL),
(98,	15,	'9 Seats',	'2024-06-14 19:14:51',	'2024-06-14 19:14:51',	NULL),
(99,	15,	'10 Seats',	'2024-06-14 19:14:51',	'2024-06-14 19:14:51',	NULL),
(100,	17,	'4 ft. x 6 ft.',	'2024-06-14 19:14:51',	'2024-06-14 19:14:51',	NULL),
(101,	17,	'5 ft. x 8 ft.',	'2024-06-14 19:14:51',	'2024-06-14 19:14:51',	NULL),
(102,	17,	'6 ft. x 9 ft.',	'2024-06-14 19:14:51',	'2024-06-14 19:14:51',	NULL),
(103,	17,	'8 ft. x 10 ft.',	'2024-06-14 19:14:51',	'2024-06-14 19:14:51',	NULL),
(104,	17,	'9 ft. x 12 ft.',	'2024-06-14 19:14:51',	'2024-06-14 19:14:51',	NULL),
(105,	17,	'12 ft. x 15 ft.',	'2024-06-14 19:14:51',	'2024-06-14 19:14:51',	NULL),
(106,	18,	'Single 90x190cm - 1 Nos.',	'2024-06-14 19:14:51',	'2024-06-14 19:14:51',	NULL),
(107,	18,	'Single 90x190cm - 2 Nos.',	'2024-06-14 19:14:51',	'2024-06-14 19:14:51',	NULL),
(108,	18,	'Single 90x190cm - 3 Nos.',	'2024-06-14 19:14:51',	'2024-06-14 19:14:51',	NULL),
(109,	19,	'Queen 160x190cm - 1 Nos.',	'2024-06-14 19:14:51',	'2024-06-14 19:14:51',	NULL),
(110,	19,	'Queen 160x190cm - 2 Nos.',	'2024-06-14 19:14:51',	'2024-06-14 19:14:51',	NULL),
(111,	19,	'Queen 160x190cm - 3 Nos.',	'2024-06-14 19:14:51',	'2024-06-14 19:14:51',	NULL),
(112,	20,	'King 180x200cm - 1 Nos.',	'2024-06-14 19:14:51',	'2024-06-14 19:14:51',	NULL),
(113,	20,	'King 180x200cm - 2 Nos.',	'2024-06-14 19:14:51',	'2024-06-14 19:14:51',	NULL),
(114,	20,	'King 180x200cm - 3 Nos.',	'2024-06-14 19:14:51',	'2024-06-14 19:14:51',	NULL);

INSERT INTO `building_type_room_packages` (`id`, `building_room_id`, `is_offer`, `title`, `description`, `info_html`, `service_time`, `no_of_maids`, `actual_total_amount`, `total_amount`, `cart_limit`, `customer_app_thumbnail`, `sort_order`, `created_at`, `updated_at`, `deleted_at`) VALUES
(1,	1,	NULL,	NULL,	'Studio',	'Studio',	'02:00:00',	1,	359.00,	299.00,	1,	'default.png',	1,	'2024-06-14 11:26:34',	'2024-06-14 11:26:34',	NULL),
(2,	2,	NULL,	NULL,	'1 Bedroom',	'1 Bedroom',	'02:00:00',	1,	459.00,	399.00,	1,	'default.png',	2,	'2024-06-14 11:26:34',	'2024-06-14 11:26:34',	NULL),
(3,	3,	NULL,	NULL,	'2 Bedroom	',	'2 Bedroom	',	'02:00:00',	1,	699.00,	599.00,	1,	'default.png',	3,	'2024-06-14 11:26:34',	'2024-06-14 11:26:34',	NULL),
(4,	4,	NULL,	NULL,	'3 Bedroom	',	'3 Bedroom	',	'02:00:00',	1,	850.00,	799.00,	1,	'default.png',	4,	'2024-06-14 11:26:34',	'2024-06-14 11:26:34',	NULL),
(5,	5,	NULL,	NULL,	'4 Bedroom	',	'4 Bedroom	',	'02:00:00',	1,	1369.00,	1199.00,	1,	'default.png',	5,	'2024-06-14 11:26:34',	'2024-06-14 11:26:34',	NULL),
(6,	6,	NULL,	NULL,	'2 Bedroom',	'2 Bedroom',	'02:00:00',	1,	999.00,	799.00,	1,	'default.png',	1,	'2024-06-14 11:26:34',	'2024-06-14 11:26:34',	NULL),
(7,	7,	NULL,	NULL,	'3 Bedroom',	'3 Bedroom',	'02:00:00',	1,	1590.00,	1399.00,	1,	'default.png',	2,	'2024-06-14 11:26:34',	'2024-06-14 11:26:34',	NULL),
(8,	8,	NULL,	NULL,	'4 Bedroom',	'4 Bedroom',	'02:00:00',	1,	1899.00,	1799.00,	1,	'default.png',	3,	'2024-06-14 11:26:34',	'2024-06-14 11:26:34',	NULL),
(9,	9,	NULL,	NULL,	'5 Bedroom',	'5 Bedroom',	'02:00:00',	1,	3299.00,	2199.00,	1,	'default.png',	4,	'2024-06-14 11:26:34',	'2024-06-14 11:26:34',	NULL),
(10,	10,	NULL,	NULL,	'Studio',	'Studio',	'02:00:00',	1,	359.00,	299.00,	1,	'default.png',	1,	'2024-06-14 11:26:34',	'2024-06-14 11:26:34',	NULL),
(11,	11,	NULL,	NULL,	'1 Bedroom',	'1 Bedroom',	'02:00:00',	1,	459.00,	399.00,	1,	'default.png',	2,	'2024-06-14 11:26:34',	'2024-06-14 11:26:34',	NULL),
(12,	12,	NULL,	NULL,	'2 Bedroom	',	'2 Bedroom	',	'02:00:00',	1,	699.00,	599.00,	1,	'default.png',	3,	'2024-06-14 11:26:34',	'2024-06-14 11:26:34',	NULL),
(13,	13,	NULL,	NULL,	'3 Bedroom	',	'3 Bedroom	',	'02:00:00',	1,	850.00,	799.00,	1,	'default.png',	4,	'2024-06-14 11:26:34',	'2024-06-14 11:26:34',	NULL),
(14,	14,	NULL,	NULL,	'4 Bedroom	',	'4 Bedroom	',	'02:00:00',	1,	1369.00,	1199.00,	1,	'default.png',	5,	'2024-06-14 11:26:34',	'2024-06-14 11:26:34',	NULL),
(15,	17,	NULL,	NULL,	'2 Bedroom',	'2 Bedroom',	'02:00:00',	1,	999.00,	799.00,	1,	'default.png',	1,	'2024-06-14 11:26:34',	'2024-06-14 11:26:34',	NULL),
(16,	18,	NULL,	NULL,	'3 Bedroom',	'3 Bedroom',	'02:00:00',	1,	1590.00,	1399.00,	1,	'default.png',	2,	'2024-06-14 11:26:34',	'2024-06-14 11:26:34',	NULL),
(17,	19,	NULL,	NULL,	'4 Bedroom',	'4 Bedroom',	'02:00:00',	1,	1899.00,	1799.00,	1,	'default.png',	3,	'2024-06-14 11:26:34',	'2024-06-14 11:26:34',	NULL),
(18,	20,	NULL,	NULL,	'5 Bedroom',	'5 Bedroom',	'02:00:00',	1,	3299.00,	2199.00,	1,	'default.png',	4,	'2024-06-14 11:26:34',	'2024-06-14 11:26:34',	NULL),
(25,	24,	NULL,	NULL,	'Studio',	'Studio',	'02:00:00',	1,	210.00,	169.00,	1,	'default.png',	1,	'2024-06-14 11:26:34',	'2024-06-14 11:26:34',	NULL),
(26,	25,	NULL,	NULL,	'1 Bedroom',	'1 Bedroom',	'02:00:00',	1,	239.00,	199.00,	1,	'default.png',	2,	'2024-06-14 11:26:34',	'2024-06-14 11:26:34',	NULL),
(27,	26,	NULL,	NULL,	'2 Bedroom	',	'2 Bedroom	',	'02:00:00',	1,	455.00,	399.00,	1,	'default.png',	3,	'2024-06-14 11:26:34',	'2024-06-14 11:26:34',	NULL),
(28,	27,	NULL,	NULL,	'3 Bedroom	',	'3 Bedroom	',	'02:00:00',	1,	799.00,	599.00,	1,	'default.png',	4,	'2024-06-14 11:26:34',	'2024-06-14 11:26:34',	NULL),
(29,	28,	NULL,	NULL,	'4 Bedroom	',	'4 Bedroom	',	'02:00:00',	1,	999.00,	799.00,	1,	'default.png',	5,	'2024-06-14 11:26:34',	'2024-06-14 11:26:34',	NULL),
(30,	31,	NULL,	NULL,	'2 Bedroom',	'2 Bedroom',	'02:00:00',	1,	699.00,	599.00,	1,	'default.png',	1,	'2024-06-14 11:26:34',	'2024-06-14 11:26:34',	NULL),
(31,	32,	NULL,	NULL,	'3 Bedroom',	'3 Bedroom',	'02:00:00',	1,	899.00,	799.00,	1,	'default.png',	2,	'2024-06-14 11:26:34',	'2024-06-14 11:26:34',	NULL),
(32,	33,	NULL,	NULL,	'4 Bedroom',	'4 Bedroom',	'02:00:00',	1,	1299.00,	999.00,	1,	'default.png',	3,	'2024-06-14 11:26:34',	'2024-06-14 11:26:34',	NULL),
(33,	34,	NULL,	NULL,	'5 Bedroom',	'5 Bedroom',	'02:00:00',	1,	1399.00,	1199.00,	1,	'default.png',	4,	'2024-06-14 11:26:34',	'2024-06-14 11:26:34',	NULL),
(40,	39,	NULL,	NULL,	'Studio',	'Studio',	'02:00:00',	1,	459.00,	399.00,	1,	'default.png',	1,	'2024-06-14 11:26:34',	'2024-06-14 11:26:34',	NULL),
(41,	40,	NULL,	NULL,	'1 Bedroom',	'1 Bedroom',	'02:00:00',	1,	599.00,	529.00,	1,	'default.png',	2,	'2024-06-14 11:26:34',	'2024-06-14 11:26:34',	NULL),
(42,	41,	NULL,	NULL,	'2 Bedroom	',	'2 Bedroom	',	'02:00:00',	1,	960.00,	879.00,	1,	'default.png',	3,	'2024-06-14 11:26:34',	'2024-06-14 11:26:34',	NULL),
(43,	42,	NULL,	NULL,	'3 Bedroom	',	'3 Bedroom	',	'02:00:00',	1,	1359.00,	1229.00,	1,	'default.png',	4,	'2024-06-14 11:26:34',	'2024-06-14 11:26:34',	NULL),
(44,	43,	NULL,	NULL,	'4 Bedroom	',	'4 Bedroom	',	'02:00:00',	1,	1799.00,	1679.00,	1,	'default.png',	5,	'2024-06-14 11:26:34',	'2024-06-14 11:26:34',	NULL),
(45,	46,	NULL,	NULL,	'2 Bedroom',	'2 Bedroom',	'02:00:00',	1,	1299.00,	1099.00,	1,	'default.png',	1,	'2024-06-14 11:26:34',	'2024-06-14 11:26:34',	NULL),
(46,	47,	NULL,	NULL,	'3 Bedroom',	'3 Bedroom',	'02:00:00',	1,	1799.00,	1629.00,	1,	'default.png',	2,	'2024-06-14 11:26:34',	'2024-06-14 11:26:34',	NULL),
(47,	48,	NULL,	NULL,	'4 Bedroom',	'4 Bedroom',	'02:00:00',	1,	2299.00,	2099.00,	1,	'default.png',	3,	'2024-06-14 11:26:34',	'2024-06-14 11:26:34',	NULL),
(48,	49,	NULL,	NULL,	'5 Bedroom',	'5 Bedroom',	'02:00:00',	1,	2599.00,	2499.00,	1,	'default.png',	4,	'2024-06-14 11:26:34',	'2024-06-14 11:26:34',	NULL),
(55,	53,	NULL,	NULL,	'Studio',	'Studio',	'02:00:00',	1,	499.00,	440.00,	1,	'default.png',	1,	'2024-06-14 11:26:34',	'2024-06-14 11:26:34',	NULL),
(56,	54,	NULL,	NULL,	'1 Bedroom',	'1 Bedroom',	'02:00:00',	1,	699.00,	640.00,	1,	'default.png',	2,	'2024-06-14 11:26:34',	'2024-06-14 11:26:34',	NULL),
(57,	55,	NULL,	NULL,	'2 Bedroom	',	'2 Bedroom	',	'02:00:00',	1,	899.00,	840.00,	1,	'default.png',	3,	'2024-06-14 11:26:34',	'2024-06-14 11:26:34',	NULL),
(58,	56,	NULL,	NULL,	'3 Bedroom	',	'3 Bedroom	',	'02:00:00',	1,	1099.00,	1040.00,	1,	'default.png',	4,	'2024-06-14 11:26:34',	'2024-06-14 11:26:34',	NULL),
(59,	57,	NULL,	NULL,	'2 Bedroom',	'2 Bedroom',	'02:00:00',	1,	1099.00,	1040.00,	1,	'default.png',	1,	'2024-06-14 11:26:34',	'2024-06-14 11:26:34',	NULL),
(60,	58,	NULL,	NULL,	'3 Bedroom',	'3 Bedroom',	'02:00:00',	1,	1599.00,	1440.00,	1,	'default.png',	2,	'2024-06-14 11:26:34',	'2024-06-14 11:26:34',	NULL),
(62,	63,	NULL,	NULL,	'Studio',	'Studio',	'02:00:00',	1,	289.00,	250.00,	1,	'default.png',	1,	'2024-06-14 11:26:34',	'2024-06-14 11:26:34',	NULL),
(63,	64,	NULL,	NULL,	'1 Bedroom',	'1 Bedroom',	'02:00:00',	1,	499.00,	450.00,	1,	'default.png',	2,	'2024-06-14 11:26:34',	'2024-06-14 11:26:34',	NULL),
(64,	65,	NULL,	NULL,	'2 Bedroom	',	'2 Bedroom	',	'02:00:00',	1,	659.00,	600.00,	1,	'default.png',	3,	'2024-06-14 11:26:34',	'2024-06-14 11:26:34',	NULL),
(65,	66,	NULL,	NULL,	'3 Bedroom	',	'3 Bedroom	',	'02:00:00',	1,	855.00,	800.00,	1,	'default.png',	4,	'2024-06-14 11:26:34',	'2024-06-14 11:26:34',	NULL),
(66,	67,	NULL,	NULL,	'4 Bedroom	',	'4 Bedroom	',	'02:00:00',	1,	1199.00,	1000.00,	1,	'default.png',	5,	'2024-06-14 11:26:34',	'2024-06-14 11:26:34',	NULL),
(67,	70,	NULL,	NULL,	'2 Bedroom',	'2 Bedroom',	'02:00:00',	1,	799.00,	700.00,	1,	'default.png',	1,	'2024-06-14 11:26:34',	'2024-06-14 11:26:34',	NULL),
(68,	71,	NULL,	NULL,	'3 Bedroom',	'3 Bedroom',	'02:00:00',	1,	1129.00,	900.00,	1,	'default.png',	2,	'2024-06-14 11:26:34',	'2024-06-14 11:26:34',	NULL),
(69,	72,	NULL,	NULL,	'4 Bedroom',	'4 Bedroom',	'02:00:00',	1,	1399.00,	1200.00,	1,	'default.png',	3,	'2024-06-14 11:26:34',	'2024-06-14 11:26:34',	NULL),
(70,	73,	NULL,	NULL,	'5 Bedroom',	'5 Bedroom',	'02:00:00',	1,	1699.00,	1400.00,	1,	'default.png',	4,	'2024-06-14 11:26:34',	'2024-06-14 11:26:34',	NULL),
(77,	77,	NULL,	NULL,	'Studio',	'Studio',	'02:00:00',	1,	399.00,	329.00,	1,	'default.png',	1,	'2024-06-14 11:26:34',	'2024-06-14 11:26:34',	NULL),
(78,	78,	NULL,	NULL,	'1 Bedroom',	'1 Bedroom',	'02:00:00',	1,	489.00,	449.00,	1,	'default.png',	2,	'2024-06-14 11:26:34',	'2024-06-14 11:26:34',	NULL),
(79,	79,	NULL,	NULL,	'2 Bedroom	',	'2 Bedroom	',	'02:00:00',	1,	580.00,	549.00,	1,	'default.png',	3,	'2024-06-14 11:26:34',	'2024-06-14 11:26:34',	NULL),
(80,	80,	NULL,	NULL,	'3 Bedroom	',	'3 Bedroom	',	'02:00:00',	1,	699.00,	669.00,	1,	'default.png',	4,	'2024-06-14 11:26:34',	'2024-06-14 11:26:34',	NULL),
(81,	81,	NULL,	NULL,	'4 Bedroom	',	'4 Bedroom	',	'02:00:00',	1,	999.00,	829.00,	1,	'default.png',	5,	'2024-06-14 11:26:34',	'2024-06-14 11:26:34',	NULL),
(82,	84,	NULL,	NULL,	'2 Bedroom',	'2 Bedroom',	'02:00:00',	1,	670.00,	499.00,	1,	'default.png',	1,	'2024-06-14 11:26:34',	'2024-06-14 11:26:34',	NULL),
(83,	85,	NULL,	NULL,	'3 Bedroom',	'3 Bedroom',	'02:00:00',	1,	780.00,	659.00,	1,	'default.png',	2,	'2024-06-14 11:26:34',	'2024-06-14 11:26:34',	NULL),
(84,	86,	NULL,	NULL,	'4 Bedroom',	'4 Bedroom',	'02:00:00',	1,	959.00,	799.00,	1,	'default.png',	3,	'2024-06-14 11:26:34',	'2024-06-14 11:26:34',	NULL),
(85,	87,	NULL,	NULL,	'5 Bedroom',	'5 Bedroom',	'02:00:00',	1,	1299.00,	999.00,	1,	'default.png',	4,	'2024-06-14 11:26:34',	'2024-06-14 11:26:34',	NULL),
(92,	91,	NULL,	NULL,	'2 Seats',	'2 Seats',	'02:00:00',	1,	189.00,	150.00,	1,	'default.png',	4,	'2024-06-14 11:26:34',	'2024-06-14 11:26:34',	NULL),
(93,	92,	NULL,	NULL,	'3 Seats',	'3 Seats',	'02:00:00',	1,	199.00,	150.00,	1,	'default.png',	4,	'2024-06-14 11:26:34',	'2024-06-14 11:26:34',	NULL),
(94,	93,	NULL,	NULL,	'4 Seats',	'4 Seats',	'02:00:00',	1,	239.00,	200.00,	1,	'default.png',	4,	'2024-06-14 11:26:34',	'2024-06-14 11:26:34',	NULL),
(95,	94,	NULL,	NULL,	'5 Seats',	'5 Seats',	'02:00:00',	1,	299.00,	250.00,	1,	'default.png',	4,	'2024-06-14 11:26:34',	'2024-06-14 11:26:34',	NULL),
(96,	95,	NULL,	NULL,	'6 Seats',	'6 Seats',	'02:00:00',	1,	349.00,	300.00,	1,	'default.png',	4,	'2024-06-14 11:26:34',	'2024-06-14 11:26:34',	NULL),
(97,	96,	NULL,	NULL,	'7 Seats',	'7 Seats',	'02:00:00',	1,	399.00,	350.00,	1,	'default.png',	4,	'2024-06-14 11:26:34',	'2024-06-14 11:26:34',	NULL),
(98,	97,	NULL,	NULL,	'8 Seats',	'8 Seats',	'02:00:00',	1,	449.00,	400.00,	1,	'default.png',	4,	'2024-06-14 11:26:34',	'2024-06-14 11:26:34',	NULL),
(99,	98,	NULL,	NULL,	'9 Seats',	'9 Seats',	'02:00:00',	1,	520.00,	450.00,	1,	'default.png',	4,	'2024-06-14 11:26:34',	'2024-06-14 11:26:34',	NULL),
(100,	99,	NULL,	NULL,	'10 Seats',	'10 Seats',	'02:00:00',	1,	600.00,	500.00,	1,	'default.png',	4,	'2024-06-14 11:26:34',	'2024-06-14 11:26:34',	NULL),
(101,	100,	NULL,	NULL,	'4 ft. x 6 ft.',	'4 ft. x 6 ft.',	'01:00:00',	1,	189.00,	150.00,	3,	'default.png',	1,	'2024-06-14 11:26:34',	'2024-06-14 11:26:34',	NULL),
(102,	101,	NULL,	NULL,	'5 ft. x 8 ft.',	'5 ft. x 8 ft.',	'01:00:00',	1,	199.00,	150.00,	3,	'default.png',	1,	'2024-06-14 11:26:34',	'2024-06-14 11:26:34',	NULL),
(103,	102,	NULL,	NULL,	'6 ft. x 9 ft.',	'6 ft. x 9 ft.',	'01:00:00',	1,	129.00,	150.00,	3,	'default.png',	1,	'2024-06-14 11:26:34',	'2024-06-14 11:26:34',	NULL),
(104,	103,	NULL,	NULL,	'8 ft. x 10 ft.',	'8 ft. x 10 ft.',	'01:00:00',	1,	239.00,	199.00,	3,	'default.png',	1,	'2024-06-14 11:26:34',	'2024-06-14 11:26:34',	NULL),
(105,	104,	NULL,	NULL,	'9 ft. x 12 ft.',	'9 ft. x 12 ft.',	'01:00:00',	1,	299.00,	249.00,	3,	'default.png',	1,	'2024-06-14 11:26:34',	'2024-06-14 11:26:34',	NULL),
(106,	105,	NULL,	NULL,	'12 ft. x 15 ft.',	'12 ft. x 15 ft.',	'01:00:00',	1,	499.00,	399.00,	3,	'default.png',	1,	'2024-06-14 11:26:34',	'2024-06-14 11:26:34',	NULL),
(107,	106,	NULL,	NULL,	'Single 90x190cm - 1 Nos.',	'Single 90x190cm - 1 Nos.',	'01:00:00',	1,	189.00,	150.00,	1,	'default.png',	1,	'2024-06-14 11:26:34',	'2024-06-14 11:26:34',	NULL),
(108,	107,	NULL,	NULL,	'Single 90x190cm - 2 Nos.',	'Single 90x190cm - 2 Nos.',	'01:00:00',	1,	259.00,	198.00,	1,	'default.png',	2,	'2024-06-14 11:26:34',	'2024-06-14 11:26:34',	NULL),
(109,	108,	NULL,	NULL,	'Single 90x190cm - 3 Nos.',	'Single 90x190cm - 3 Nos.',	'01:00:00',	1,	350.00,	297.00,	1,	'default.png',	3,	'2024-06-14 11:26:34',	'2024-06-14 11:26:34',	NULL),
(110,	109,	NULL,	NULL,	'Queen 160x190cm - 1 Nos.',	'Queen 160x190cm - 1 Nos.',	'01:00:00',	1,	210.00,	189.00,	1,	'default.png',	1,	'2024-06-14 11:26:34',	'2024-06-14 11:26:34',	NULL),
(111,	110,	NULL,	NULL,	'Queen 160x190cm - 2 Nos.',	'Queen 160x190cm - 2 Nos.',	'01:00:00',	1,	399.00,	378.00,	1,	'default.png',	2,	'2024-06-14 11:26:34',	'2024-06-14 11:26:34',	NULL),
(112,	111,	NULL,	NULL,	'Queen 160x190cm - 3 Nos.',	'Queen 160x190cm - 3 Nos.',	'01:00:00',	1,	599.00,	567.00,	1,	'default.png',	3,	'2024-06-14 11:26:34',	'2024-06-14 11:26:34',	NULL),
(113,	112,	NULL,	NULL,	'King 180x200cm - 1 Nos.',	'King 180x200cm - 1 Nos.',	'01:00:00',	1,	239.00,	209.00,	1,	'default.png',	1,	'2024-06-14 11:26:34',	'2024-06-14 11:26:34',	NULL),
(114,	113,	NULL,	NULL,	'King 180x200cm - 2 Nos.',	'King 180x200cm - 2 Nos.',	'01:00:00',	1,	480.00,	418.00,	1,	'default.png',	2,	'2024-06-14 11:26:34',	'2024-06-14 11:26:34',	NULL),
(115,	114,	NULL,	NULL,	'King 180x200cm - 3 Nos.',	'King 180x200cm - 3 Nos.',	'01:00:00',	1,	699.00,	627.00,	1,	'default.png',	3,	'2024-06-14 11:26:34',	'2024-06-14 11:26:34',	NULL);

INSERT INTO `recurring_periods` (`id`, `service_type_id`, `no_of_months`, `no_of_weeks`, `no_of_months_label`, `no_of_weeks_label`, `sort_order`, `default`, `created_at`, `updated_at`, `deleted_at`) VALUES
(1,	1,	1,	5,	'1',	'5 Weeks',	1,	NULL,	'2024-06-28 11:17:02',	'2024-06-28 11:17:02',	NULL),
(2,	1,	2,	9,	'2',	'9 Weeks',	2,	NULL,	'2024-06-28 11:17:02',	'2024-06-28 11:17:02',	NULL),
(3,	1,	3,	13,	'3',	'13 Weeks',	3,	NULL,	'2024-06-28 11:17:02',	'2024-06-28 11:17:02',	NULL),
(4,	1,	4,	17,	'4',	'17 Weeks',	4,	NULL,	'2024-06-28 11:17:02',	'2024-06-28 11:17:02',	NULL),
(5,	1,	5,	22,	'5',	'22 Weeks',	5,	NULL,	'2024-06-28 11:17:02',	'2024-06-28 11:17:02',	NULL),
(6,	1,	6,	26,	'6',	'26 Weeks',	6,	NULL,	'2024-06-28 11:17:02',	'2024-06-28 11:17:02',	NULL),
(7,	1,	7,	30,	'7',	'30 Weeks',	7,	NULL,	'2024-06-28 11:17:02',	'2024-06-28 11:17:02',	NULL),
(8,	1,	8,	35,	'8',	'35 Weeks',	8,	NULL,	'2024-06-28 11:17:02',	'2024-06-28 11:17:02',	NULL),
(9,	1,	9,	39,	'9',	'39 Weeks',	9,	NULL,	'2024-06-28 11:17:02',	'2024-06-28 11:17:02',	NULL),
(10,	1,	10,	43,	'10',	'43 Weeks',	10,	NULL,	'2024-06-28 11:17:02',	'2024-06-28 11:17:02',	NULL),
(11,	1,	11,	48,	'11',	'48 Weeks',	11,	NULL,	'2024-06-28 11:17:02',	'2024-06-28 11:17:02',	NULL),
(12,	1,	12,	52,	'12',	'52 Weeks',	12,	NULL,	'2024-06-28 11:17:02',	'2024-06-28 11:17:02',	NULL),
(13,	1,	0,	0,	'Continue',	'Continue',	13,	1,	'2024-06-28 11:17:02',	'2024-06-28 11:17:02',	NULL),
(14,	4,	1,	5,	'1',	'5 Weeks',	1,	NULL,	'2024-06-28 11:17:02',	'2024-06-28 11:17:02',	NULL),
(15,	4,	2,	9,	'2',	'9 Weeks',	2,	NULL,	'2024-06-28 11:17:02',	'2024-06-28 11:17:02',	NULL),
(16,	4,	3,	13,	'3',	'13 Weeks',	3,	NULL,	'2024-06-28 11:17:02',	'2024-06-28 11:17:02',	NULL),
(17,	4,	4,	17,	'4',	'17 Weeks',	4,	NULL,	'2024-06-28 11:17:02',	'2024-06-28 11:17:02',	NULL),
(18,	4,	5,	22,	'5',	'22 Weeks',	5,	NULL,	'2024-06-28 11:17:02',	'2024-06-28 11:17:02',	NULL),
(19,	4,	6,	26,	'6',	'26 Weeks',	6,	NULL,	'2024-06-28 11:17:02',	'2024-06-28 11:17:02',	NULL),
(20,	4,	7,	30,	'7',	'30 Weeks',	7,	NULL,	'2024-06-28 11:17:02',	'2024-06-28 11:17:02',	NULL),
(21,	4,	8,	35,	'8',	'35 Weeks',	8,	NULL,	'2024-06-28 11:17:02',	'2024-06-28 11:17:02',	NULL),
(22,	4,	9,	39,	'9',	'39 Weeks',	9,	NULL,	'2024-06-28 11:17:02',	'2024-06-28 11:17:02',	NULL),
(23,	4,	10,	43,	'10',	'43 Weeks',	10,	NULL,	'2024-06-28 11:17:02',	'2024-06-28 11:17:02',	NULL),
(24,	4,	11,	48,	'11',	'48 Weeks',	11,	NULL,	'2024-06-28 11:17:02',	'2024-06-28 11:17:02',	NULL),
(25,	4,	12,	52,	'12',	'52 Weeks',	12,	NULL,	'2024-06-28 11:17:02',	'2024-06-28 11:17:02',	NULL),
(26,	4,	0,	0,	'Continue',	'Continue',	13,	1,	'2024-06-28 11:17:02',	'2024-06-28 11:17:02',	NULL),
(29,	5,	1,	5,	'1',	'5 Weeks',	1,	NULL,	'2024-06-28 11:17:02',	'2024-06-28 11:17:02',	NULL),
(30,	5,	2,	9,	'2',	'9 Weeks',	2,	NULL,	'2024-06-28 11:17:02',	'2024-06-28 11:17:02',	NULL),
(31,	5,	3,	13,	'3',	'13 Weeks',	3,	NULL,	'2024-06-28 11:17:02',	'2024-06-28 11:17:02',	NULL),
(32,	5,	4,	17,	'4',	'17 Weeks',	4,	NULL,	'2024-06-28 11:17:02',	'2024-06-28 11:17:02',	NULL),
(33,	5,	5,	22,	'5',	'22 Weeks',	5,	NULL,	'2024-06-28 11:17:02',	'2024-06-28 11:17:02',	NULL),
(34,	5,	6,	26,	'6',	'26 Weeks',	6,	NULL,	'2024-06-28 11:17:02',	'2024-06-28 11:17:02',	NULL),
(35,	5,	7,	30,	'7',	'30 Weeks',	7,	NULL,	'2024-06-28 11:17:02',	'2024-06-28 11:17:02',	NULL),
(36,	5,	8,	35,	'8',	'35 Weeks',	8,	NULL,	'2024-06-28 11:17:02',	'2024-06-28 11:17:02',	NULL),
(37,	5,	9,	39,	'9',	'39 Weeks',	9,	NULL,	'2024-06-28 11:17:02',	'2024-06-28 11:17:02',	NULL),
(38,	5,	10,	43,	'10',	'43 Weeks',	10,	NULL,	'2024-06-28 11:17:02',	'2024-06-28 11:17:02',	NULL),
(39,	5,	11,	48,	'11',	'48 Weeks',	11,	NULL,	'2024-06-28 11:17:02',	'2024-06-28 11:17:02',	NULL),
(40,	5,	12,	52,	'12',	'52 Weeks',	12,	NULL,	'2024-06-28 11:17:02',	'2024-06-28 11:17:02',	NULL),
(41,	5,	0,	0,	'Continue',	'Continue',	13,	1,	'2024-06-28 11:17:02',	'2024-06-28 11:17:02',	NULL),
(44,	47,	1,	5,	'1',	'5 Weeks',	1,	NULL,	'2024-06-28 11:17:02',	'2024-06-28 11:17:02',	NULL),
(45,	47,	2,	9,	'2',	'9 Weeks',	2,	NULL,	'2024-06-28 11:17:02',	'2024-06-28 11:17:02',	NULL),
(46,	47,	3,	13,	'3',	'13 Weeks',	3,	NULL,	'2024-06-28 11:17:02',	'2024-06-28 11:17:02',	NULL),
(47,	47,	4,	17,	'4',	'17 Weeks',	4,	NULL,	'2024-06-28 11:17:02',	'2024-06-28 11:17:02',	NULL),
(48,	47,	5,	22,	'5',	'22 Weeks',	5,	NULL,	'2024-06-28 11:17:02',	'2024-06-28 11:17:02',	NULL),
(49,	47,	6,	26,	'6',	'26 Weeks',	6,	NULL,	'2024-06-28 11:17:02',	'2024-06-28 11:17:02',	NULL),
(50,	47,	7,	30,	'7',	'30 Weeks',	7,	NULL,	'2024-06-28 11:17:02',	'2024-06-28 11:17:02',	NULL),
(51,	47,	8,	35,	'8',	'35 Weeks',	8,	NULL,	'2024-06-28 11:17:02',	'2024-06-28 11:17:02',	NULL),
(52,	47,	9,	39,	'9',	'39 Weeks',	9,	NULL,	'2024-06-28 11:17:02',	'2024-06-28 11:17:02',	NULL),
(53,	47,	10,	43,	'10',	'43 Weeks',	10,	NULL,	'2024-06-28 11:17:02',	'2024-06-28 11:17:02',	NULL),
(54,	47,	11,	48,	'11',	'48 Weeks',	11,	NULL,	'2024-06-28 11:17:02',	'2024-06-28 11:17:02',	NULL),
(55,	47,	12,	52,	'12',	'52 Weeks',	12,	NULL,	'2024-06-28 11:17:02',	'2024-06-28 11:17:02',	NULL),
(56,	47,	0,	0,	'Continue',	'Continue',	13,	1,	'2024-06-28 11:17:02',	'2024-06-28 11:17:02',	NULL),
(59,	52,	1,	5,	'1',	'5 Weeks',	1,	NULL,	'2024-06-28 11:17:02',	'2024-06-28 11:17:02',	NULL),
(60,	52,	2,	9,	'2',	'9 Weeks',	2,	NULL,	'2024-06-28 11:17:02',	'2024-06-28 11:17:02',	NULL),
(61,	52,	3,	13,	'3',	'13 Weeks',	3,	NULL,	'2024-06-28 11:17:02',	'2024-06-28 11:17:02',	NULL),
(62,	52,	4,	17,	'4',	'17 Weeks',	4,	NULL,	'2024-06-28 11:17:02',	'2024-06-28 11:17:02',	NULL),
(63,	52,	5,	22,	'5',	'22 Weeks',	5,	NULL,	'2024-06-28 11:17:02',	'2024-06-28 11:17:02',	NULL),
(64,	52,	6,	26,	'6',	'26 Weeks',	6,	NULL,	'2024-06-28 11:17:02',	'2024-06-28 11:17:02',	NULL),
(65,	52,	7,	30,	'7',	'30 Weeks',	7,	NULL,	'2024-06-28 11:17:02',	'2024-06-28 11:17:02',	NULL),
(66,	52,	8,	35,	'8',	'35 Weeks',	8,	NULL,	'2024-06-28 11:17:02',	'2024-06-28 11:17:02',	NULL),
(67,	52,	9,	39,	'9',	'39 Weeks',	9,	NULL,	'2024-06-28 11:17:02',	'2024-06-28 11:17:02',	NULL),
(68,	52,	10,	43,	'10',	'43 Weeks',	10,	NULL,	'2024-06-28 11:17:02',	'2024-06-28 11:17:02',	NULL),
(69,	52,	11,	48,	'11',	'48 Weeks',	11,	NULL,	'2024-06-28 11:17:02',	'2024-06-28 11:17:02',	NULL),
(70,	52,	12,	52,	'12',	'52 Weeks',	12,	NULL,	'2024-06-28 11:17:02',	'2024-06-28 11:17:02',	NULL),
(71,	52,	0,	0,	'Continue',	'Continue',	13,	1,	'2024-06-28 11:17:02',	'2024-06-28 11:17:02',	NULL);

INSERT INTO `service_type_time_slots` (`id`, `service_type_id`, `time_slot`, `created_at`, `updated_at`, `deleted_at`) VALUES
(1,	1,	'08:00:00',	'2024-06-29 15:41:10',	'2024-06-29 15:41:10',	NULL),
(2,	1,	'09:00:00',	'2024-06-29 15:41:10',	'2024-06-29 15:41:10',	NULL),
(3,	1,	'13:00:00',	'2024-06-29 15:41:10',	'2024-06-29 15:41:10',	NULL),
(4,	1,	'14:00:00',	'2024-06-29 15:41:10',	'2024-06-29 15:41:10',	NULL),
(5,	1,	'16:00:00',	'2024-06-29 15:41:10',	'2024-06-29 15:41:10',	NULL),
(6,	4,	'08:00:00',	'2024-06-29 15:41:10',	'2024-06-29 15:41:10',	NULL),
(7,	4,	'09:00:00',	'2024-06-29 15:41:10',	'2024-06-29 15:41:10',	NULL),
(8,	4,	'13:00:00',	'2024-06-29 15:41:10',	'2024-06-29 15:41:10',	NULL),
(9,	4,	'14:00:00',	'2024-06-29 15:41:10',	'2024-06-29 15:41:10',	NULL),
(10,	4,	'16:00:00',	'2024-06-29 15:41:10',	'2024-06-29 15:41:10',	NULL),
(13,	53,	'08:00:00',	'2024-06-29 15:41:10',	'2024-06-29 15:41:10',	NULL),
(14,	53,	'09:00:00',	'2024-06-29 15:41:10',	'2024-06-29 15:41:10',	NULL),
(15,	53,	'13:00:00',	'2024-06-29 15:41:10',	'2024-06-29 15:41:10',	NULL),
(16,	53,	'14:00:00',	'2024-06-29 15:41:10',	'2024-06-29 15:41:10',	NULL),
(20,	55,	'08:00:00',	'2024-06-29 15:41:10',	'2024-06-29 15:41:10',	NULL),
(21,	55,	'09:00:00',	'2024-06-29 15:41:10',	'2024-06-29 15:41:10',	NULL),
(22,	55,	'13:00:00',	'2024-06-29 15:41:10',	'2024-06-29 15:41:10',	NULL),
(23,	55,	'14:00:00',	'2024-06-29 15:41:10',	'2024-06-29 15:41:10',	NULL),
(27,	54,	'08:00:00',	'2024-06-29 15:41:10',	'2024-06-29 15:41:10',	NULL),
(28,	54,	'09:00:00',	'2024-06-29 15:41:10',	'2024-06-29 15:41:10',	NULL),
(29,	54,	'13:00:00',	'2024-06-29 15:41:10',	'2024-06-29 15:41:10',	NULL),
(30,	54,	'14:00:00',	'2024-06-29 15:41:10',	'2024-06-29 15:41:10',	NULL),
(34,	56,	'08:00:00',	'2024-06-29 15:41:10',	'2024-06-29 15:41:10',	NULL),
(35,	56,	'09:00:00',	'2024-06-29 15:41:10',	'2024-06-29 15:41:10',	NULL),
(36,	56,	'13:00:00',	'2024-06-29 15:41:10',	'2024-06-29 15:41:10',	NULL),
(37,	56,	'14:00:00',	'2024-06-29 15:41:10',	'2024-06-29 15:41:10',	NULL),
(41,	62,	'08:00:00',	'2024-06-29 15:41:10',	'2024-06-29 15:41:10',	NULL),
(42,	62,	'09:00:00',	'2024-06-29 15:41:10',	'2024-06-29 15:41:10',	NULL),
(43,	62,	'13:00:00',	'2024-06-29 15:41:10',	'2024-06-29 15:41:10',	NULL),
(44,	62,	'14:00:00',	'2024-06-29 15:41:10',	'2024-06-29 15:41:10',	NULL),
(48,	61,	'08:00:00',	'2024-06-29 15:41:10',	'2024-06-29 15:41:10',	NULL),
(49,	61,	'09:00:00',	'2024-06-29 15:41:10',	'2024-06-29 15:41:10',	NULL),
(50,	61,	'13:00:00',	'2024-06-29 15:41:10',	'2024-06-29 15:41:10',	NULL),
(51,	61,	'14:00:00',	'2024-06-29 15:41:10',	'2024-06-29 15:41:10',	NULL),
(55,	60,	'08:00:00',	'2024-06-29 15:41:10',	'2024-06-29 15:41:10',	NULL),
(56,	60,	'09:00:00',	'2024-06-29 15:41:10',	'2024-06-29 15:41:10',	NULL),
(57,	60,	'13:00:00',	'2024-06-29 15:41:10',	'2024-06-29 15:41:10',	NULL),
(58,	60,	'14:00:00',	'2024-06-29 15:41:10',	'2024-06-29 15:41:10',	NULL),
(62,	57,	'08:00:00',	'2024-06-29 15:41:10',	'2024-06-29 15:41:10',	NULL),
(63,	57,	'09:00:00',	'2024-06-29 15:41:10',	'2024-06-29 15:41:10',	NULL),
(64,	57,	'13:00:00',	'2024-06-29 15:41:10',	'2024-06-29 15:41:10',	NULL),
(65,	57,	'14:00:00',	'2024-06-29 15:41:10',	'2024-06-29 15:41:10',	NULL),
(69,	59,	'08:00:00',	'2024-06-29 15:41:10',	'2024-06-29 15:41:10',	NULL),
(70,	59,	'09:00:00',	'2024-06-29 15:41:10',	'2024-06-29 15:41:10',	NULL),
(71,	59,	'13:00:00',	'2024-06-29 15:41:10',	'2024-06-29 15:41:10',	NULL),
(72,	59,	'14:00:00',	'2024-06-29 15:41:10',	'2024-06-29 15:41:10',	NULL),
(76,	58,	'08:00:00',	'2024-06-29 15:41:10',	'2024-06-29 15:41:10',	NULL),
(77,	58,	'09:00:00',	'2024-06-29 15:41:10',	'2024-06-29 15:41:10',	NULL),
(78,	58,	'13:00:00',	'2024-06-29 15:41:10',	'2024-06-29 15:41:10',	NULL),
(79,	58,	'14:00:00',	'2024-06-29 15:41:10',	'2024-06-29 15:41:10',	NULL),
(80,	58,	'16:00:00',	'2024-06-29 15:41:10',	'2024-06-29 15:41:10',	NULL),
(83,	5,	'08:00:00',	'2024-06-29 15:41:10',	'2024-06-29 15:41:10',	NULL),
(84,	5,	'09:00:00',	'2024-06-29 15:41:10',	'2024-06-29 15:41:10',	NULL),
(85,	5,	'13:00:00',	'2024-06-29 15:41:10',	'2024-06-29 15:41:10',	NULL),
(86,	5,	'14:00:00',	'2024-06-29 15:41:10',	'2024-06-29 15:41:10',	NULL),
(87,	5,	'16:00:00',	'2024-06-29 15:41:10',	'2024-06-29 15:41:10',	NULL),
(90,	47,	'08:00:00',	'2024-06-29 15:41:10',	'2024-06-29 15:41:10',	NULL),
(91,	47,	'09:00:00',	'2024-06-29 15:41:10',	'2024-06-29 15:41:10',	NULL),
(92,	47,	'13:00:00',	'2024-06-29 15:41:10',	'2024-06-29 15:41:10',	NULL),
(93,	47,	'14:00:00',	'2024-06-29 15:41:10',	'2024-06-29 15:41:10',	NULL),
(94,	47,	'16:00:00',	'2024-06-29 15:41:10',	'2024-06-29 15:41:10',	NULL),
(97,	52,	'08:00:00',	'2024-06-29 15:41:10',	'2024-06-29 15:41:10',	NULL),
(98,	52,	'09:00:00',	'2024-06-29 15:41:10',	'2024-06-29 15:41:10',	NULL),
(99,	52,	'13:00:00',	'2024-06-29 15:41:10',	'2024-06-29 15:41:10',	NULL),
(100,	52,	'14:00:00',	'2024-06-29 15:41:10',	'2024-06-29 15:41:10',	NULL);

INSERT INTO `service_type_detail_questions` (`id`, `service_type_id`, `question`, `description`, `created_at`, `updated_at`, `deleted_at`) VALUES
(1,	1,	'No. of Bedrooms',	NULL,	'2024-05-26 11:44:36',	'2024-05-26 11:44:36',	NULL),
(2,	1,	'No. of Bathrooms',	NULL,	'2024-05-26 11:44:36',	'2024-05-26 11:44:36',	NULL),
(3,	1,	'Balcony / Terrace',	NULL,	'2024-05-26 11:44:36',	'2024-05-26 11:44:36',	NULL),
(4,	47,	'No. of Bedrooms',	NULL,	'2024-05-26 11:44:36',	'2024-05-26 11:44:36',	NULL),
(5,	47,	'No. of Bathrooms',	NULL,	'2024-05-26 11:44:36',	'2024-05-26 11:44:36',	NULL),
(6,	47,	'Balcony / Terrace',	NULL,	'2024-05-26 11:44:36',	'2024-05-26 11:44:36',	NULL),
(7,	53,	'No. of Bedrooms',	NULL,	'2024-05-26 11:44:36',	'2024-05-26 11:44:36',	NULL),
(8,	53,	'Balcony / Terrace',	NULL,	'2024-05-26 11:44:36',	'2024-05-26 11:44:36',	NULL),
(10,	55,	'No. of Bedrooms',	NULL,	'2024-05-26 11:44:36',	'2024-05-26 11:44:36',	NULL),
(11,	55,	'Balcony / Terrace',	NULL,	'2024-05-26 11:44:36',	'2024-05-26 11:44:36',	NULL),
(13,	54,	'No. of Bedrooms',	NULL,	'2024-05-26 11:44:36',	'2024-05-26 11:44:36',	NULL),
(14,	54,	'Balcony / Terrace',	NULL,	'2024-05-26 11:44:36',	'2024-05-26 11:44:36',	NULL),
(16,	56,	'No. of Bedrooms',	NULL,	'2024-05-26 11:44:36',	'2024-05-26 11:44:36',	NULL),
(17,	56,	'Balcony / Terrace',	NULL,	'2024-05-26 11:44:36',	'2024-05-26 11:44:36',	NULL),
(19,	62,	'No. of Bedrooms',	NULL,	'2024-05-26 11:44:36',	'2024-05-26 11:44:36',	NULL),
(20,	62,	'Balcony / Terrace',	NULL,	'2024-05-26 11:44:36',	'2024-05-26 11:44:36',	NULL),
(21,	61,	'No. of Bedrooms',	NULL,	'2024-05-26 11:44:36',	'2024-05-26 11:44:36',	NULL),
(22,	61,	'Balcony / Terrace',	NULL,	'2024-05-26 11:44:36',	'2024-05-26 11:44:36',	NULL),
(23,	60,	'No. of Bedrooms',	NULL,	'2024-05-26 11:44:36',	'2024-05-26 11:44:36',	NULL),
(24,	60,	'Balcony / Terrace',	NULL,	'2024-05-26 11:44:36',	'2024-05-26 11:44:36',	NULL);

INSERT INTO `service_type_detail_answers` (`id`, `service_type_detail_question_id`, `value`, `label`, `creates_at`, `updated_at`, `deleted_at`) VALUES
(1,	1,	'1',	'1',	'2024-05-26 11:52:54',	'2024-05-26 11:52:54',	NULL),
(2,	1,	'2',	'2',	'2024-05-26 11:52:54',	'2024-05-26 11:52:54',	NULL),
(3,	1,	'3',	'3',	'2024-05-26 11:52:54',	'2024-05-26 11:52:54',	NULL),
(4,	1,	'4',	'4',	'2024-05-26 11:52:54',	'2024-05-26 11:52:54',	NULL),
(5,	1,	'5',	'5',	'2024-05-26 11:52:54',	'2024-05-26 11:52:54',	NULL),
(6,	1,	'6',	'6',	'2024-05-26 11:52:54',	'2024-05-26 11:52:54',	NULL),
(7,	2,	'1',	'1',	'2024-05-26 11:52:54',	'2024-05-26 11:52:54',	NULL),
(8,	2,	'2',	'2',	'2024-05-26 11:52:54',	'2024-05-26 11:52:54',	NULL),
(9,	2,	'3',	'3',	'2024-05-26 11:52:54',	'2024-05-26 11:52:54',	NULL),
(10,	2,	'4',	'4',	'2024-05-26 11:52:54',	'2024-05-26 11:52:54',	NULL),
(11,	2,	'5',	'5',	'2024-05-26 11:52:54',	'2024-05-26 11:52:54',	NULL),
(12,	2,	'6',	'6',	'2024-05-26 11:52:54',	'2024-05-26 11:52:54',	NULL),
(14,	3,	'No',	'No',	'2024-05-26 11:52:54',	'2024-05-26 11:52:54',	NULL),
(15,	3,	'Yes 1',	'Yes 1',	'2024-05-26 11:52:54',	'2024-05-26 11:52:54',	NULL),
(16,	3,	'Yes 2',	'Yes 2',	'2024-05-26 11:52:54',	'2024-05-26 11:52:54',	NULL),
(17,	4,	'1',	'1',	'2024-05-26 11:52:54',	'2024-05-26 11:52:54',	NULL),
(18,	4,	'2',	'2',	'2024-05-26 11:52:54',	'2024-05-26 11:52:54',	NULL),
(19,	4,	'3',	'3',	'2024-05-26 11:52:54',	'2024-05-26 11:52:54',	NULL),
(20,	4,	'4',	'4',	'2024-05-26 11:52:54',	'2024-05-26 11:52:54',	NULL),
(21,	4,	'5',	'5',	'2024-05-26 11:52:54',	'2024-05-26 11:52:54',	NULL),
(22,	4,	'6',	'6',	'2024-05-26 11:52:54',	'2024-05-26 11:52:54',	NULL),
(24,	5,	'1',	'1',	'2024-05-26 11:52:54',	'2024-05-26 11:52:54',	NULL),
(25,	5,	'2',	'2',	'2024-05-26 11:52:54',	'2024-05-26 11:52:54',	NULL),
(26,	5,	'3',	'3',	'2024-05-26 11:52:54',	'2024-05-26 11:52:54',	NULL),
(27,	5,	'4',	'4',	'2024-05-26 11:52:54',	'2024-05-26 11:52:54',	NULL),
(28,	5,	'5',	'5',	'2024-05-26 11:52:54',	'2024-05-26 11:52:54',	NULL),
(29,	5,	'6',	'6',	'2024-05-26 11:52:54',	'2024-05-26 11:52:54',	NULL),
(31,	6,	'No',	'No',	'2024-05-26 11:52:54',	'2024-05-26 11:52:54',	NULL),
(32,	6,	'Yes 1',	'Yes 1',	'2024-05-26 11:52:54',	'2024-05-26 11:52:54',	NULL),
(33,	6,	'Yes 2',	'Yes 2',	'2024-05-26 11:52:54',	'2024-05-26 11:52:54',	NULL),
(34,	7,	'1',	'1',	'2024-05-26 11:52:54',	'2024-05-26 11:52:54',	NULL),
(35,	7,	'2',	'2',	'2024-05-26 11:52:54',	'2024-05-26 11:52:54',	NULL),
(36,	7,	'3',	'3',	'2024-05-26 11:52:54',	'2024-05-26 11:52:54',	NULL),
(37,	7,	'4',	'4',	'2024-05-26 11:52:54',	'2024-05-26 11:52:54',	NULL),
(38,	7,	'5',	'5',	'2024-05-26 11:52:54',	'2024-05-26 11:52:54',	NULL),
(39,	7,	'6',	'6',	'2024-05-26 11:52:54',	'2024-05-26 11:52:54',	NULL),
(41,	8,	'No',	'No',	'2024-05-26 11:52:54',	'2024-05-26 11:52:54',	NULL),
(42,	8,	'Yes 1',	'Yes 1',	'2024-05-26 11:52:54',	'2024-05-26 11:52:54',	NULL),
(43,	8,	'Yes 2',	'Yes 2',	'2024-05-26 11:52:54',	'2024-05-26 11:52:54',	NULL),
(44,	10,	'1',	'1',	'2024-05-26 11:52:54',	'2024-05-26 11:52:54',	NULL),
(45,	10,	'2',	'2',	'2024-05-26 11:52:54',	'2024-05-26 11:52:54',	NULL),
(46,	10,	'3',	'3',	'2024-05-26 11:52:54',	'2024-05-26 11:52:54',	NULL),
(47,	10,	'4',	'4',	'2024-05-26 11:52:54',	'2024-05-26 11:52:54',	NULL),
(48,	10,	'5',	'5',	'2024-05-26 11:52:54',	'2024-05-26 11:52:54',	NULL),
(49,	10,	'6',	'6',	'2024-05-26 11:52:54',	'2024-05-26 11:52:54',	NULL),
(51,	11,	'No',	'No',	'2024-05-26 11:52:54',	'2024-05-26 11:52:54',	NULL),
(52,	11,	'Yes 1',	'Yes 1',	'2024-05-26 11:52:54',	'2024-05-26 11:52:54',	NULL),
(53,	11,	'Yes 2',	'Yes 2',	'2024-05-26 11:52:54',	'2024-05-26 11:52:54',	NULL),
(54,	13,	'1',	'1',	'2024-05-26 11:52:54',	'2024-05-26 11:52:54',	NULL),
(55,	13,	'2',	'2',	'2024-05-26 11:52:54',	'2024-05-26 11:52:54',	NULL),
(56,	13,	'3',	'3',	'2024-05-26 11:52:54',	'2024-05-26 11:52:54',	NULL),
(57,	13,	'4',	'4',	'2024-05-26 11:52:54',	'2024-05-26 11:52:54',	NULL),
(58,	13,	'5',	'5',	'2024-05-26 11:52:54',	'2024-05-26 11:52:54',	NULL),
(59,	13,	'6',	'6',	'2024-05-26 11:52:54',	'2024-05-26 11:52:54',	NULL),
(61,	14,	'No',	'No',	'2024-05-26 11:52:54',	'2024-05-26 11:52:54',	NULL),
(62,	14,	'Yes 1',	'Yes 1',	'2024-05-26 11:52:54',	'2024-05-26 11:52:54',	NULL),
(63,	14,	'Yes 2',	'Yes 2',	'2024-05-26 11:52:54',	'2024-05-26 11:52:54',	NULL),
(64,	16,	'1',	'1',	'2024-05-26 11:52:54',	'2024-05-26 11:52:54',	NULL),
(65,	16,	'2',	'2',	'2024-05-26 11:52:54',	'2024-05-26 11:52:54',	NULL),
(66,	16,	'3',	'3',	'2024-05-26 11:52:54',	'2024-05-26 11:52:54',	NULL),
(67,	16,	'4',	'4',	'2024-05-26 11:52:54',	'2024-05-26 11:52:54',	NULL),
(68,	16,	'5',	'5',	'2024-05-26 11:52:54',	'2024-05-26 11:52:54',	NULL),
(69,	16,	'6',	'6',	'2024-05-26 11:52:54',	'2024-05-26 11:52:54',	NULL),
(71,	17,	'No',	'No',	'2024-05-26 11:52:54',	'2024-05-26 11:52:54',	NULL),
(72,	17,	'Yes 1',	'Yes 1',	'2024-05-26 11:52:54',	'2024-05-26 11:52:54',	NULL),
(73,	17,	'Yes 2',	'Yes 2',	'2024-05-26 11:52:54',	'2024-05-26 11:52:54',	NULL),
(74,	19,	'1',	'1',	'2024-05-26 11:52:54',	'2024-05-26 11:52:54',	NULL),
(75,	19,	'2',	'2',	'2024-05-26 11:52:54',	'2024-05-26 11:52:54',	NULL),
(76,	19,	'3',	'3',	'2024-05-26 11:52:54',	'2024-05-26 11:52:54',	NULL),
(77,	19,	'4',	'4',	'2024-05-26 11:52:54',	'2024-05-26 11:52:54',	NULL),
(78,	19,	'5',	'5',	'2024-05-26 11:52:54',	'2024-05-26 11:52:54',	NULL),
(79,	19,	'6',	'6',	'2024-05-26 11:52:54',	'2024-05-26 11:52:54',	NULL),
(81,	20,	'No',	'No',	'2024-05-26 11:52:54',	'2024-05-26 11:52:54',	NULL),
(82,	20,	'Yes 1',	'Yes 1',	'2024-05-26 11:52:54',	'2024-05-26 11:52:54',	NULL),
(83,	20,	'Yes 2',	'Yes 2',	'2024-05-26 11:52:54',	'2024-05-26 11:52:54',	NULL),
(84,	21,	'1',	'1',	'2024-05-26 11:52:54',	'2024-05-26 11:52:54',	NULL),
(85,	21,	'2',	'2',	'2024-05-26 11:52:54',	'2024-05-26 11:52:54',	NULL),
(86,	21,	'3',	'3',	'2024-05-26 11:52:54',	'2024-05-26 11:52:54',	NULL),
(87,	21,	'4',	'4',	'2024-05-26 11:52:54',	'2024-05-26 11:52:54',	NULL),
(88,	21,	'5',	'5',	'2024-05-26 11:52:54',	'2024-05-26 11:52:54',	NULL),
(89,	21,	'6',	'6',	'2024-05-26 11:52:54',	'2024-05-26 11:52:54',	NULL),
(91,	22,	'No',	'No',	'2024-05-26 11:52:54',	'2024-05-26 11:52:54',	NULL),
(92,	22,	'Yes 1',	'Yes 1',	'2024-05-26 11:52:54',	'2024-05-26 11:52:54',	NULL),
(93,	22,	'Yes 2',	'Yes 2',	'2024-05-26 11:52:54',	'2024-05-26 11:52:54',	NULL),
(94,	23,	'1',	'1',	'2024-05-26 11:52:54',	'2024-05-26 11:52:54',	NULL),
(95,	23,	'2',	'2',	'2024-05-26 11:52:54',	'2024-05-26 11:52:54',	NULL),
(96,	23,	'3',	'3',	'2024-05-26 11:52:54',	'2024-05-26 11:52:54',	NULL),
(97,	23,	'4',	'4',	'2024-05-26 11:52:54',	'2024-05-26 11:52:54',	NULL),
(98,	23,	'5',	'5',	'2024-05-26 11:52:54',	'2024-05-26 11:52:54',	NULL),
(99,	23,	'6',	'6',	'2024-05-26 11:52:54',	'2024-05-26 11:52:54',	NULL),
(101,	24,	'No',	'No',	'2024-05-26 11:52:54',	'2024-05-26 11:52:54',	NULL),
(102,	24,	'Yes 1',	'Yes 1',	'2024-05-26 11:52:54',	'2024-05-26 11:52:54',	NULL),
(103,	24,	'Yes 2',	'Yes 2',	'2024-05-26 11:52:54',	'2024-05-26 11:52:54',	NULL);

INSERT INTO `service_what_to_expect_points` (`id`, `service_type_id`, `order_id`, `point_html`, `created_at`, `updated_at`, `deleted_at`) VALUES
(96,	NULL,	1001,	'By initiating a request through any means, encompassing but not confined to the App, in-person interactions, telephone communication, WhatsApp correspondence, or electronic mail, the client voluntarily accepts and adheres to the stipulations detailed within the <b>Dubai Housekeeping™</b> <a href=\"https://dubaihousekeeping.com/terms-conditions/\" target=\"_blank\" class=\"link-primary\">Terms and Conditions</a> on the website.',	'2024-07-05 12:57:02',	'2024-07-05 12:57:02',	NULL),
(95,	NULL,	1000,	'If you require any further information on your booking, kindly Call <a href=\"tel:+971501967178\" class=\"link-primary\"><i class=\"fa fa-phone\" aria-hidden=\"true\"></i> +971501967178</a>, WhatsApp Helpline <a href=\"https://wa.me/971543502510?text=Hi\" class=\"link-primary\"><i class=\"fa fa-whatsapp\" aria-hidden=\"true\"></i> +971543502510</a> or email us at <a href=\"mailto:office@dubaihousekeeping.com\" class=\"link-primary\"><i class=\"fa fa-envelope-o\" aria-hidden=\"true\"></i> office@dubaihousekeeping.com</a>',	'2024-07-05 12:57:02',	'2024-07-05 12:57:02',	NULL);

INSERT INTO `customer_faq_help` (`id`, `order_priority`, `question`, `answer`, `created_at`, `updated_at`, `deleted_at`) VALUES
(1,	5,	'What services do you offer?',	'We offer a range of cleaning services including residential cleaning, commercial cleaning, deep cleaning, move-in/out cleaning, and post-construction cleaning.',	'2023-11-22 10:57:59',	'2023-11-22 10:57:59',	NULL),
(2,	10,	'Do you provide cleaning supplies and equipment?',	'Yes, we provide all the necessary cleaning supplies and equipment needed to clean your home or office.',	'2023-11-22 10:57:59',	'2023-11-22 10:57:59',	NULL),
(3,	15,	'What areas do you service?',	'We currently provide our cleaning services to [insert area or location]. However, we may be able to service other areas upon request.',	'2023-11-22 10:57:59',	'2023-11-22 10:57:59',	NULL),
(4,	20,	'How do you determine the cost of cleaning services?',	'We determine the cost of our cleaning services based on several factors including the size of the space, the type of cleaning required, and the frequency of service. We provide a personalized quote for each customer after a thorough consultation.',	'2023-11-22 10:57:59',	'2023-11-22 10:57:59',	NULL),
(5,	25,	'Do you offer eco-friendly cleaning options?',	'Yes, we offer eco-friendly cleaning options upon request. Our eco-friendly cleaning products are safe for use around pets and children and are just as effective as traditional cleaning products.',	'2023-11-22 10:57:59',	'2023-11-22 10:57:59',	NULL);

UPDATE `service_types` SET `default_no_of_hours` = '4' WHERE `service_types`.`service_type_id` = 1;
UPDATE `service_types` SET `default_no_of_hours` = '4' WHERE `service_types`.`service_type_id` = 4;

INSERT INTO `customer_faq` (`id`, `order_priority`, `question`, `answer`, `created_at`, `updated_at`, `deleted_at`) VALUES
(1,	10,	'Can I get same Maid assigned on a recurring basis?',	'Absolutely! The My Maid Plan offers you the same housekeeper on every service. We want you to enjoy the kind of continuity in your maid service that allows you peace of mind.',	'2023-09-26 15:06:29',	'2023-09-26 15:06:29',	NULL),
(2,	20,	'What is the nationality of your Maids?',	'Based on the most common requests from clients, our team is about 90% Filipina and 10% Nepalese & Indonesians.',	'2023-09-26 15:06:29',	'2023-09-26 15:06:29',	NULL),
(3,	30,	'How do I get started?',	'You could reach us by Call, WhatsApp Helpline, email, request a call back, or directly book online. We will understand your expectations and give you a free estimate. Together we create a work order tailored to your specific requests, and you receive a confirmation with details of the cleaning service booked.',	'2023-09-26 15:06:29',	'2023-09-26 15:06:29',	NULL),
(4,	40,	'Do I have to sign a contract?',	'Not necessarily. We are happy to earn your business each time we clean. However, if you would like to set up the same housekeeper on a fixed day & time, at a discounted monthly plan, this is called My Maid Plan and it is arranged with an agreement. You can suspend your cleaning service with just one day’s notice, pay only for the service taken, and resume when you are ready.',	'2023-09-26 15:06:29',	'2023-09-26 15:06:29',	NULL),
(5,	50,	'Will I have any liability or need to pay any hidden charges?',	'No. Dubai Housekeeping’s goal is to reduce the number of responsibilities in your life; certainly not add to them!',	'2023-09-26 15:06:29',	'2023-09-26 15:06:29',	NULL),
(6,	60,	'What if I have a pet?',	'No worries! We work well around pets too. We will only need to be notified of this beforehand, and of course, we would like to know their names. If you have any special requests regarding your pets, or there are any special circumstances we should be aware of, include this information in your work order and we will take care of it.',	'2023-09-26 15:06:29',	'2023-09-26 15:06:29',	NULL),
(7,	70,	'What should I expect from my first appointment?',	'We will arrive at your home on the scheduled day & time. Your first cleaning service appointment generally takes the longest, as we will need time to get acquainted with a new environment.',	'2023-09-26 15:06:29',	'2023-09-26 15:06:29',	NULL),
(8,	80,	'What if the Maid damaged something?',	'In the unfortunate event that a something is damaged, we will promptly make every effort to have the item repaired or replaced, please notify us within 24 hours of the cleaning service date. Our liability limits are set at a maximum of 200% of your one-time service fee. In the event the damage is not within that limit, we will initiate a claim through the insurance channel according to the terms & conditions.',	'2023-09-26 15:06:29',	'2023-09-26 15:06:29',	NULL),
(9,	90,	'How much do you charge?',	'Cleaning service charges depend on various factors such as whether you require recurring or one-off services, how many hours you expect per service, if you provide the cleaning supplies, etc.\r\n<br>\r\nThe most popular, discounted recurring service (that is at least once a week) is for 3 hrs at AED 126 and 4 hrs is AED 144, inclusive of VAT. Ask for your recurring service discount so this can be adjusted on your invoice. \r\n<br>\r\nFor standard rates & other details, please call us or visit our website.',	'2023-09-26 15:06:29',	'2023-09-26 15:06:29',	NULL),
(10,	100,	'What is the payment mode?',	'You may pay by cash, check, online transfer, Visa, or Mastercard (T & C apply).',	'2023-09-26 15:06:29',	'2023-09-26 15:06:29',	NULL),
(11,	110,	'Do I have to be home when the Maid arrives?',	'While it is recommended that you are present at the time of cleaning service, many of our busy customers provide us with a key to their home and (when necessary) their alarm codes so our crew can execute the service without them having to alter their plans.',	'2023-09-26 15:06:29',	'2023-09-26 15:06:29',	NULL),
(12,	120,	'Do you guarantee your work?',	'Absolutely. We have a 100% satisfaction guaranteed policy. Our goal is to give you the best cleaning possible each time. If something is not done to your satisfaction, call us within 24 hours and we will correct it for free, or give you a credit on your next cleaning inquiry.',	'2023-09-26 15:06:29',	'2023-09-26 15:06:29',	NULL),
(13,	130,	'When do I pay for my Maid service?',	'For an on-call service, payment is due the day the cleaning service is performed. Clients with the My Maid plan, pay before the start of the month.',	'2023-09-26 15:06:29',	'2023-09-26 15:06:29',	NULL),
(14,	140,	'Which areas do you cover?',	'Presently we cover all communities along Sheikh Zayed Road from World Trade Centre to Marina, along Al Kahil Road from Al Quoz to JVC, along Bin Zayed Road Arabian Ranches to JVT, along Umm Sequim street from Burj Al Arab to Mira. Along Al Wasl from Satwa to Umm Sequim street, Palm Jumeirah, JBR, Blue Water Island and more.',	'2023-09-26 15:06:29',	'2023-09-26 15:06:29',	NULL),
(15,	150,	'Do you offer Deep Cleaning services?',	'Yes, we do. Call us so we know exactly what you are expecting and we can plan accordingly.',	'2023-09-26 15:06:29',	'2023-09-26 15:06:29',	NULL),
(16,	160,	'Do you provide ironing services?',	'Yes, you can hire us for an Ironing service.',	'2023-09-26 15:06:29',	'2023-09-26 15:06:29',	NULL),
(17,	170,	'Do you provide babysitting services?',	'Certainly! We accept babysitting inquiries for children over the age of 3.',	'2023-09-26 15:06:29',	'2023-09-26 15:06:29',	NULL),
(18,	180,	'Do you offer full-time housekeepers?',	'No, we do not offer full time / live-in housekeepers.',	'2023-09-26 15:06:29',	'2023-09-26 15:06:29',	NULL),
(19,	190,	'What are your working hours?',	'We work Mondays to Saturdays from 8 am to 6 pm.',	'2023-09-26 15:06:29',	'2023-09-26 15:06:29',	NULL),
(20,	200,	'Do you have any promotions?',	'We do! You can claim a Welcome discount of <b>20%</b> on your First service. However, if you book the <i>My Maid Plan</i>, you can avail <b>10% discount on every service</b>.',	'2023-09-26 15:06:29',	'2023-09-26 15:06:29',	NULL);